,gpt4o-mini_vote,gpt4o-mini_voor_l_prob,gpt4o-mini_tegen_lprob
0,voor,-0.25204962,-11.377049
1,voor,-0.048687633,-9.923688
2,voor,-0.011102767,-15.261103
3,voor,-0.04864255,-13.048642
4,voor,-0.029817952,-14.154818
5,voor,-0.006787486,-10.256787
6,voor,-0.062035132,-13.562036
7,voor,-0.20151936,-14.576519
8,voor,-0.009224242,-7.5092244
9,voor,-0.043109722,-9.91811
10,voor,-0.033738367,-9.908738
11,voor,-0.07899455,-14.078995
12,voor,-0.008164404,-6.1331644
13,voor,-0.018204147,-11.893204
14,voor,-0.026353363,-12.401354
15,voor,-0.02059538,-13.270596
16,voor,-0.018244999,-10.268245
17,voor,-0.078959845,-12.078959
18,voor,-0.00979965,-12.0098
19,voor,-0.062022693,-13.562023
20,voor,-0.011125163,-10.261126
21,voor,-0.01013391,-8.010134
22,voor,-0.06203927,-12.437039
23,voor,-0.1278586,-7.1278586
24,tegen,-6.007453,-0.007452807
25,tegen,-5.6306367,-0.0056366394
26,voor,-0.12701242,-12.752012
27,voor,-0.048638463,-14.048638
28,voor,-0.07898408,-14.578984
29,tegen,-10.001057,-0.0010569837
30,voor,-0.026399571,-9.9014
31,voor,-0.016088098,-12.8910885
32,tegen,-1.7111197,-0.21111959
33,voor,-0.004119004,-13.379119
34,tegen,-2.931817,-0.056817144
35,voor,-0.023303244,-14.523303
36,voor,-0.016074022,-14.641074
37,voor,-0.47911122,-0.9791112
38,voor,-0.029799672,-15.279799
39,tegen,-2.6988337,-0.073833615
40,voor,-0.023307208,-12.898307
41,voor,-0.011085073,-13.3860855
42,tegen,-10.876342,-0.0013416734
43,voor,-0.014280565,-9.63928
44,tegen,-0.8290068,-0.5790068
45,voor,-0.0552758,-8.055276
46,voor,-0.019262495,-4.3942623
47,voor,-0.03810139,-12.663101
48,tegen,-11.753065,-0.0030646992
49,voor,-0.038091403,-14.163092
50,voor,-0.090026416,-6.9650264
51,tegen,-3.652475,-0.027475042
52,voor,-0.009789974,-14.63479
53,voor,-0.021219268,-7.3962193
54,tegen,-13.626694,-0.0016932694
55,voor,-0.0390135,-7.0390134
56,tegen,-6.8770456,-0.0020458172
57,voor,-0.011082011,-15.261082
58,voor,-0.07895621,-12.953957
59,voor,-0.20727056,-1.7072706
60,voor,-0.16030648,-16.535307
61,voor,-0.00872921,-9.508729
62,voor,-0.013891512,-6.6388917
63,voor,-0.023581566,-8.1485815
64,voor,-0.6982015,-0.6982015
65,voor,-0.009784419,-13.759785
66,voor,-0.014205349,-12.639205
67,voor,-0.12699215,-13.126992
68,voor,-0.01829837,-9.268298
69,voor,-0.12701672,-13.627017
70,voor,-0.004145119,-10.254145
71,voor,-0.10031601,-14.975316
72,voor,-0.023504015,-8.523504
73,voor,-0.07897296,-15.078973
74,voor,-0.008770208,-5.38377
75,voor,-0.018191617,-13.143191
76,voor,-0.005273719,-13.630274
77,voor,-0.02980546,-12.904805
78,voor,-0.062052943,-11.312053
79,voor,-0.018197702,-14.768198
80,tegen,-12.125928,-0.0009282566
81,voor,-0.078965135,-14.078965
82,voor,-0.038096115,-16.663095
83,voor,-0.100292176,-14.100292
84,tegen,-0.9018969,-0.5268969
85,voor,-0.029813439,-14.529814
86,voor,-0.02980384,-14.529804
87,voor,-0.062027734,-14.562028
88,voor,-0.029817834,-11.279818
89,voor,-0.028320288,-4.2783203
90,voor,-0.023310002,-11.14831
91,voor,-0.012553218,-13.012553
92,voor,-0.07896359,-14.453963
93,voor,-0.012546736,-14.762547
94,voor,-0.062035915,-13.187036
95,voor,-0.038086243,-12.038086
96,voor,-0.014215215,-12.139215
97,voor,-0.062040735,-13.06204
98,voor,-0.02980302,-13.154803
99,voor,-0.0298058,-12.154806
100,voor,-0.0041123545,-12.004112
101,voor,-0.014214275,-11.1392145
102,voor,-0.018199576,-13.2682
103,voor,-0.038109083,-11.913109
104,voor,-0.033732835,-10.408732
105,voor,-0.029808005,-14.029808
106,voor,-0.043079805,-11.043079
107,voor,-0.012640902,-9.387641
108,voor,-0.06335127,-2.9383512
109,voor,-0.016082466,-14.016083
110,voor,-0.01779166,-6.3927917
111,voor,-0.06202964,-13.68703
112,voor,-0.003675133,-10.128675
113,voor,-0.009798234,-13.259798
114,voor,-0.02060799,-12.645608
115,voor,-0.020596195,-13.3955965
116,voor,-0.25204194,-14.252042
117,voor,-0.12700012,-13.127
118,voor,-0.12704507,-14.627045
119,voor,-0.018197702,-13.143198
120,voor,-0.12702334,-10.627024
121,voor,-0.0032197798,-11.12822
122,voor,-0.0086663375,-12.258666
123,voor,-0.009790444,-14.13479
124,voor,-0.10028959,-13.100289
125,voor,-0.02982027,-14.02982
126,voor,-0.029800946,-13.779801
127,voor,-0.062042747,-15.312043
128,voor,-0.011216989,-9.011217
129,voor,-0.062026277,-11.437026
130,voor,-0.018200045,-11.8932
131,voor,-0.25935334,-1.8843534
132,tegen,-0.9782709,-0.4782709
133,voor,-0.026692932,-8.026693
134,tegen,-1.913202,-0.16320199
135,voor,-0.10028517,-10.850286
136,voor,-0.021103485,-7.6461034
137,tegen,-2.8137708,-0.06377066
138,voor,-0.078978136,-11.078979
139,voor,-0.16773966,-3.7927396
140,voor,-0.00676001,-11.50676
141,voor,-0.029851966,-9.904852
142,voor,-0.033702757,-15.158703
143,voor,-0.011117737,-10.386118
144,voor,-0.03811608,-10.538116
145,voor,-0.010853383,-6.8858533
146,voor,-0.07896018,-14.07896
147,voor,-0.20151469,-12.076514
148,voor,-0.25201842,-11.502018
149,voor,-0.01819349,-13.018193
150,voor,-0.0052819,-11.005281
151,tegen,-1.9124379,-0.16243792
152,voor,-0.048639145,-12.548639
153,voor,-0.011338639,-8.386338
154,voor,-0.01608763,-16.766088
155,voor,-0.013736661,-6.7637367
156,voor,-0.009156438,-7.634156
157,voor,-0.12702186,-13.627022
158,voor,-0.026350234,-11.65135
159,voor,-0.70188487,-0.70188487
160,voor,-0.36889833,-1.2438984
161,voor,-0.12703131,-14.002031
162,voor,-0.03809646,-11.663096
163,voor,-0.078951046,-11.828951
164,voor,-0.100268036,-14.225268
165,voor,-0.0160732,-15.016073
166,voor,-0.020609159,-14.770609
167,voor,-0.01420935,-12.26421
168,voor,-0.020925345,-8.0209255
169,voor,-0.016079536,-14.89108
170,voor,-0.08417067,-2.5841706
171,voor,-0.029872667,-9.654873
172,voor,-0.055118315,-8.805119
173,voor,-0.03810058,-11.5381
174,tegen,-11.126312,-0.0013124978
175,voor,-0.0486421,-12.548642
176,voor,-0.00490972,-8.2549095
177,voor,-0.012571456,-11.762571
178,voor,-0.02635557,-12.151356
179,voor,-0.018198172,-12.143198
180,voor,-0.057777125,-2.9327772
181,voor,-0.012546854,-14.012547
182,voor,-0.029800138,-15.4048
183,voor,-0.0620395,-14.062039
184,voor,-0.018216552,-10.893216
185,voor,-0.013501126,-5.013501
186,voor,-0.04306873,-11.918069
187,voor,-0.01818764,-14.2681875
188,voor,-0.02636173,-13.276361
189,voor,-0.06203479,-13.812035
190,voor,-0.018202974,-13.018203
191,voor,-0.026355106,-14.901355
192,voor,-0.06203726,-13.187037
193,voor,-0.10027611,-11.850276
194,voor,-0.003662668,-10.628663
195,tegen,-1.1383978,-0.38839784
196,voor,-0.07054517,-7.570545
197,voor,-0.0076845894,-10.007685
198,voor,-0.026350698,-13.901351
199,voor,-0.18984386,-1.8148439
200,voor,-0.10029013,-12.10029
201,voor,-0.113805056,-2.363805
202,voor,-0.018198876,-12.643199
203,voor,-0.0032034966,-13.628203
204,voor,-0.02329183,-13.523292
205,voor,-0.07895225,-13.328952
206,voor,-0.062028628,-13.937029
207,voor,-0.029806962,-11.654807
208,voor,-0.0038777427,-8.378878
209,voor,-0.3202578,-1.3202578
210,voor,-0.10028884,-12.600288
211,voor,-0.012572279,-10.887572
212,voor,-0.06202303,-12.437023
213,voor,-0.033703335,-11.158704
214,voor,-0.048648797,-13.048649
215,voor,-0.10030943,-14.600309
216,voor,-0.048643917,-12.923644
217,voor,-0.01109121,-14.761091
218,voor,-0.023293111,-14.8982935
219,voor,-0.12699352,-12.376993
220,voor,-0.062035687,-15.062036
221,voor,-0.4711002,-1.0961002
222,voor,-0.014192651,-15.389193
223,voor,-0.023287173,-12.398287
224,voor,-0.06203423,-15.437035
225,voor,-0.014214988,-12.7642145
226,voor,-0.029798856,-14.4047985
227,voor,-0.04304635,-12.793046
228,voor,-0.16029206,-13.035292
229,voor,-0.011084728,-13.886085
230,voor,-0.010440101,-7.38544
231,voor,-0.006749955,-12.88175
232,voor,-0.06202908,-11.687029
233,voor,-0.008654755,-11.883655
234,voor,-0.25203714,-12.252037
235,voor,-0.012810988,-6.387811
236,voor,-0.1603863,-9.535386
237,voor,-0.026359873,-11.65136
238,tegen,-6.378094,-0.0030941737
239,voor,-0.02062691,-10.395627
240,tegen,-8.126194,-0.0011943945
241,voor,-0.008723063,-9.633723
242,voor,-0.0620125,-13.437013
243,voor,-0.50816536,-1.0081654
244,voor,-0.023324793,-10.648325
245,voor,-0.24210069,-1.6171007
246,voor,-0.009811103,-11.009811
247,voor,-0.5954182,-0.8454182
248,voor,-0.5293292,-0.9043292
249,voor,-0.14293425,-2.1429343
250,voor,-0.026552126,-8.651552
251,voor,-0.02348247,-8.648482
252,voor,-0.1148065,-6.3648067
253,voor,-0.014219566,-14.514219
254,voor,-0.048649587,-14.04865
255,voor,-0.12705326,-10.252053
256,voor,-0.009814173,-11.134814
257,voor,-0.022841938,-4.772842
258,tegen,-1.1499077,-0.39990774
259,voor,-0.020609276,-10.770609
260,voor,-0.003232256,-7.2532325
261,voor,-0.04866004,-11.42366
262,voor,-0.016101707,-10.766102
263,voor,-0.0076429523,-13.507643
264,voor,-0.04864505,-12.548645
265,voor,-0.009857849,-9.759858
266,tegen,-6.511624,-0.0116237225
267,voor,-0.008650857,-13.758651
268,voor,-0.023293111,-13.0232935
269,voor,-0.25207242,-9.877072
270,voor,-0.16522141,-2.2902215
271,voor,-0.008653807,-12.758654
272,voor,-0.011118565,-10.636119
273,voor,-0.0045059617,-7.879506
274,voor,-0.005267788,-12.380268
275,voor,-0.0076500457,-13.00765
276,voor,-0.018230133,-11.26823
277,voor,-0.012029677,-5.2620296
278,voor,-0.0057619307,-7.630762
279,voor,-0.048645843,-16.048645
280,tegen,-6.0039763,-0.0039764126
281,voor,-0.005268738,-12.880269
282,voor,-0.10027461,-14.725275
283,voor,-0.048654933,-11.798655
284,voor,-0.033710595,-11.9087105
285,voor,-0.07897329,-13.578974
286,voor,-0.41010466,-1.1601046
287,voor,-0.20154704,-14.326547
288,voor,-0.112812504,-2.7378125
289,tegen,-11.001598,-0.001598772
290,voor,-0.023294393,-14.773294
291,voor,-0.029801289,-16.0298
292,voor,-0.12699708,-16.126997
293,voor,-0.10027082,-13.725271
294,voor,-0.036558595,-3.9115586
295,tegen,-5.8833632,-0.008363153
296,voor,-0.01607977,-14.51608
297,voor,-0.23353824,-1.6085383
298,voor,-0.01821292,-10.893213
299,voor,-0.020583117,-13.395583
300,voor,-0.0051495545,-7.6301494
301,voor,-0.018202154,-12.268202
302,voor,-0.0086557,-13.883656
303,voor,-0.023297423,-15.148297
304,voor,-0.0067491243,-14.756749
305,voor,-0.01821245,-15.268212
306,voor,-0.055095647,-8.805096
307,voor,-0.020587552,-13.520588
308,voor,-0.02059304,-11.145593
309,voor,-0.12702648,-13.502027
310,voor,-0.2015526,-15.201552
311,voor,-0.07808911,-2.828089
312,voor,-0.029849531,-10.02985
313,tegen,-2.4708831,-0.09588318
314,voor,-0.008750373,-9.25875
315,voor,-0.012847711,-8.137848
316,tegen,-7.2518334,-0.001833442
317,voor,-0.0036900977,-10.00369
318,voor,-0.04627148,-3.7962716
319,voor,-0.20962441,-1.7096244
320,tegen,-10.875845,-0.0008450066
321,voor,-0.038115047,-13.6631155
322,tegen,-11.379401,-0.004401275
323,tegen,-9.125577,-0.00057710084
324,voor,-0.038084287,-12.788084
325,voor,-0.090148434,-6.8401484
326,voor,-0.011097104,-12.386097
327,tegen,-4.8944283,-0.019428294
328,tegen,-1.5152116,-0.26521155
329,voor,-0.011107249,-11.136107
330,voor,-0.023298353,-11.648298
331,tegen,-4.886217,-0.011216881
332,voor,-0.0206011,-11.270601
333,voor,-0.0789788,-14.203979
334,voor,-0.033707947,-14.533708
335,voor,-0.020583699,-13.020584
336,voor,-0.10027978,-12.22528
337,voor,-0.020588601,-13.520589
338,voor,-0.0056534717,-7.8806534
339,voor,-0.07894829,-13.953948
340,voor,-0.026366955,-11.526367
341,voor,-0.0076976027,-9.882698
342,voor,-0.048639372,-14.548639
343,voor,-0.02635151,-14.651352
344,voor,-0.006745805,-13.631745
345,voor,-0.020594912,-13.270595
346,voor,-0.06553313,-2.8155332
347,voor,-0.0069120377,-5.881912
348,voor,-0.10028215,-13.350282
349,voor,-0.0052698036,-12.63027
350,voor,-0.029804412,-14.654804
351,voor,-0.014196765,-15.139196
352,voor,-0.04865743,-11.298657
353,voor,-0.12699477,-13.626995
354,voor,-0.0111429645,-10.261143
355,voor,-0.00472928,-9.629729
356,voor,-0.048943866,-8.1739435
357,tegen,-3.1698415,-0.044841643
358,tegen,-2.9311352,-0.05613519
359,voor,-0.08292466,-2.5829246
360,voor,-0.014234019,-10.264234
361,voor,-0.003634635,-12.253634
362,voor,-0.011349004,-8.261349
363,voor,-0.0060622254,-9.3810625
364,voor,-0.016080827,-13.891081
365,voor,-0.014216277,-11.764216
366,voor,-0.048653223,-14.798654
367,voor,-0.026360214,-11.9013605
368,voor,-0.018215735,-11.018216
369,voor,-0.038096916,-13.413097
370,voor,-0.07896162,-14.078961
371,voor,-0.023301382,-14.148301
372,voor,-0.04864596,-14.798646
373,tegen,-2.0276163,-0.15261629
374,voor,-0.10027772,-14.475278
375,voor,-0.014209931,-13.76421
376,voor,-0.026355222,-13.651355
377,voor,-0.020587552,-14.520588
378,voor,-0.043060735,-13.66806
379,voor,-0.019009067,-7.144009
380,voor,-0.0621382,-9.187139
381,voor,-0.12700297,-11.002003
382,voor,-0.100288406,-13.850288
383,voor,-0.03371209,-11.408712
384,voor,-0.023307556,-11.398308
385,voor,-0.023287173,-14.648287
386,voor,-0.0076377476,-14.132638
387,voor,-0.005963988,-13.255964
388,voor,-0.023293694,-12.7732935
389,voor,-0.043398317,-8.043398
390,voor,-0.014213687,-13.264214
391,voor,-0.0076770154,-10.507677
392,voor,-0.25935334,-1.8843534
393,voor,-0.28367677,-1.5336767
394,voor,-0.02636173,-12.026361
395,voor,-0.05494367,-12.054944
396,voor,-0.026408862,-10.151409
397,voor,-0.014420404,-4.6394205
398,voor,-0.48596957,-0.98596954
399,voor,-0.026350234,-15.15135
400,voor,-0.16029987,-13.6603
401,voor,-0.2535119,-6.628512
402,voor,-0.016074726,-14.141075
403,voor,-0.35201603,-1.227016
404,voor,-0.02394628,-4.2739463
405,voor,-0.010443864,-7.3854437
406,voor,-0.12701862,-11.627019
407,voor,-0.020606121,-11.645606
408,voor,-0.007307734,-6.6323075
409,voor,-0.038101852,-15.913102
410,voor,-0.012547674,-13.1375475
411,voor,-0.0068046604,-10.006804
412,voor,-0.07897329,-16.828974
413,voor,-0.16513804,-5.4151382
414,voor,-0.0076390444,-14.007639
415,voor,-0.062441073,-4.312441
416,voor,-0.013894917,-4.763895
417,voor,-0.040990725,-3.5409908
418,voor,-0.03810357,-14.288103
419,voor,-0.062045433,-10.562045
420,voor,-0.014201354,-13.514201
421,voor,-0.038096577,-13.163096
422,voor,-0.018186936,-12.143187
423,voor,-0.030389134,-3.655389
424,voor,-0.0041084425,-12.379108
425,voor,-0.078985296,-15.078985
426,voor,-0.038093705,-14.788094
427,voor,-0.006020403,-9.881021
428,voor,-0.007643664,-14.257644
429,voor,-0.011097693,-12.761098
430,voor,-0.0076447288,-12.257645
431,voor,-0.043066334,-11.543066
432,voor,-0.1002816,-13.850282
433,voor,-0.006034143,-9.756034
434,voor,-0.02059234,-15.020593
435,voor,-0.12704192,-13.877042
436,voor,-0.038108394,-12.163109
437,voor,-0.04863392,-14.173634
438,voor,-0.008726611,-9.758727
439,voor,-0.014203351,-15.889203
440,voor,-0.07899422,-10.453994
441,voor,-0.006161278,-8.631162
442,tegen,-0.83286273,-0.58286273
443,voor,-0.12701157,-15.627011
444,voor,-0.020593626,-14.395594
445,voor,-0.07901471,-9.579015
446,voor,-0.012656682,-9.262656
447,voor,-0.0067521906,-12.756752
448,voor,-0.16029967,-12.535299
449,voor,-0.01115134,-9.636151
450,voor,-0.01607613,-15.391076
451,voor,-0.0059545143,-14.005955
452,voor,-0.020610094,-10.77061
453,voor,-0.040290218,-6.1652904
454,voor,-0.0789583,-13.2039585
455,voor,-0.008945208,-8.133945
456,voor,-0.018202037,-12.143202
457,voor,-0.025023716,-6.400024
458,voor,-0.006778492,-10.631779
459,tegen,-12.395798,-0.020797735
460,voor,-0.12700959,-12.127009
461,voor,-0.016075427,-13.766075
462,voor,-0.10031817,-9.975318
463,voor,-0.09610931,-3.0961094
464,voor,-0.12700906,-14.002009
465,voor,-0.0076424754,-13.632643
466,voor,-0.033696882,-13.783697
467,voor,-0.014213571,-12.889214
468,voor,-0.049645826,-5.049646
469,voor,-0.10027783,-13.850278
470,voor,-0.00908875,-7.7590885
471,voor,-0.012602419,-10.262603
472,voor,-0.012542021,-14.137542
473,voor,-0.018750422,-7.51875
474,voor,-0.038115047,-11.0381155
475,voor,-0.008686429,-6.8836865
476,voor,-0.12705326,-10.127053
477,voor,-0.062026843,-11.687027
478,voor,-0.0052947155,-10.630295
479,voor,-0.07903927,-9.32904
480,voor,-0.029958632,-8.779959
481,voor,-0.014219917,-12.88922
482,voor,-0.020117048,-6.2701173
483,voor,-0.008703448,-10.008703
484,voor,-0.12701914,-10.877019
485,voor,-0.0048409156,-8.629841
486,voor,-0.01710683,-6.892107
487,voor,-0.026349766,-13.65135
488,voor,-0.011088028,-14.886088
489,voor,-0.00979753,-14.759797
490,voor,-0.11602786,-2.6160278
491,voor,-0.033699527,-13.7837
492,voor,-0.07896536,-14.078965
493,voor,-0.160354,-9.785354
494,voor,-0.016084578,-12.766085
495,voor,-0.048640843,-11.548641
496,voor,-0.048679683,-14.423679
497,voor,-0.038100816,-11.788101
498,voor,-0.02982004,-11.02982
499,voor,-0.06202897,-11.687029
500,voor,-0.16031043,-13.160311
501,tegen,-0.7868174,-0.6618174
502,voor,-0.04864539,-12.798645
503,voor,-0.048653793,-15.298654
504,voor,-0.25205427,-13.877054
505,voor,-0.026353711,-12.526354
506,tegen,-0.762186,-0.637186
507,voor,-0.07895555,-12.328956
508,voor,-0.0067880745,-10.256788
509,voor,-0.38697046,-14.3869705
510,voor,-0.011103241,-11.011104
511,voor,-0.014207348,-14.764207
512,voor,-0.0059665963,-12.380966
513,voor,-0.004663661,-12.754663
514,voor,-0.062040057,-12.56204
515,voor,-0.0205983,-14.645598
516,voor,-0.008841233,-8.6338415
517,voor,-0.009867998,-9.634868
518,voor,-0.023324793,-10.648325
519,voor,-0.12701997,-17.50202
520,voor,-0.016073551,-14.266073
521,tegen,-6.003838,-0.0038380718
522,voor,-0.16030344,-16.785303
523,tegen,-5.1552444,-0.030244347
524,voor,-0.5844663,-0.8344663
525,voor,-0.018200867,-13.643201
526,voor,-0.051535822,-3.1765358
527,voor,-0.00776492,-9.132765
528,voor,-0.008653807,-14.008654
529,tegen,-1.9121056,-0.16210556
530,voor,-0.25202128,-13.502021
531,tegen,-1.138273,-0.38827303
532,voor,-0.5282781,-0.9032781
533,voor,-0.008653573,-12.633654
534,voor,-0.0036708524,-10.253671
535,voor,-0.038113665,-11.663114
536,voor,-0.0028526634,-11.002852
537,voor,-0.033686616,-12.783687
538,tegen,-0.90749663,-0.53249663
539,voor,-0.062018547,-15.437018
540,voor,-0.01819677,-13.768197
541,voor,-0.016116012,-10.391116
542,voor,-0.4772898,-0.9772898
543,voor,-0.10027794,-11.350278
544,voor,-0.06205933,-12.062059
545,voor,-0.014216277,-11.389216
546,voor,-0.0047838497,-6.2547836
547,voor,-0.041682392,-3.2916825
548,voor,-0.014204875,-12.889205
549,voor,-0.006867521,-9.131867
550,voor,-0.0041200733,-11.75412
551,voor,-0.011098874,-11.511099
552,voor,-0.0052800076,-11.63028
553,voor,-0.07895115,-13.078951
554,tegen,-3.2915237,-0.041523673
555,voor,-0.018202037,-11.393202
556,voor,-0.033733066,-10.158733
557,tegen,-7.501683,-0.0016833937
558,voor,-0.0067821657,-10.631783
559,voor,-0.012551683,-12.762551
560,voor,-0.009154549,-7.6341543
561,voor,-0.055019718,-12.430019
562,voor,-0.02980731,-14.404807
563,voor,-0.0046526226,-13.004653
564,voor,-0.009261204,-6.009261
565,voor,-0.062037934,-11.687037
566,voor,-0.0046469267,-13.754647
567,voor,-0.078965686,-13.328966
568,tegen,-11.000764,-0.0007638839
569,voor,-0.033961136,-8.283961
570,voor,-0.07297493,-2.947975
571,voor,-0.00865133,-14.383652
572,voor,-0.10029023,-12.97529
573,voor,-0.065530345,-5.6905303
574,voor,-0.27316988,-1.6481699
575,voor,-0.04864664,-11.923647
576,voor,-0.25205833,-13.752058
577,tegen,-3.2892063,-0.03920632
578,voor,-0.020725815,-8.895726
579,tegen,-1.0703726,-0.44537255
580,voor,-0.1603342,-13.660335
581,voor,-0.00596198,-14.005962
582,voor,-0.062015414,-13.062016
583,voor,-0.029804181,-12.904804
584,voor,-0.10028862,-14.975288
585,voor,-0.12702733,-12.6270275
586,voor,-0.0033357523,-7.628336
587,voor,-0.01736976,-4.2673697
588,voor,-0.06203468,-13.687035
589,voor,-0.016125163,-9.891125
590,voor,-0.12934592,-6.129346
591,voor,-0.11602786,-2.6160278
592,voor,-0.018208124,-11.3932085
593,voor,-0.10028462,-13.850285
594,voor,-0.01607367,-15.016073
595,voor,-0.10028258,-13.225283
596,voor,-0.07894818,-12.578948
597,voor,-0.06219623,-8.812196
598,voor,-0.038093705,-13.413094
599,voor,-0.033711404,-12.158711
600,voor,-0.016081883,-13.766082
601,voor,-0.062026616,-12.312027
602,voor,-0.006761437,-11.381762
603,voor,-0.014214275,-11.1392145
604,voor,-0.029805226,-11.904805
605,voor,-0.10028549,-11.975286
606,voor,-0.08381083,-4.333811
607,voor,-0.006757879,-12.506758
608,voor,-0.0620423,-13.937042
609,voor,-0.02330965,-11.14831
610,voor,-0.25533104,-1.505331
611,voor,-0.014201935,-12.264202
612,voor,-0.007664717,-10.882665
613,voor,-0.20150691,-13.826507
614,voor,-0.07896481,-13.578965
615,voor,-0.00985159,-10.009851
616,voor,-0.01740749,-5.7674074
617,voor,-0.012718478,-5.0127187
618,voor,-0.14724734,-5.5222473
619,voor,-0.01227464,-5.6372747
620,voor,-0.005984847,-6.630985
621,tegen,-3.654144,-0.029143965
622,voor,-0.0077240993,-9.507724
623,voor,-0.26149428,-1.5114943
624,voor,-0.026388658,-10.151389
625,voor,-0.078958854,-12.9539585
626,voor,-0.04306131,-14.668061
627,tegen,-6.502627,-0.0026270237
628,voor,-0.016088687,-11.7660885
629,voor,-0.011090147,-12.26109
630,tegen,-4.512159,-0.012158877
631,voor,-0.014204051,-14.014204
632,voor,-0.1002994,-15.2253
633,voor,-0.10030814,-10.850308
634,voor,-0.0111045325,-11.761105
635,voor,-0.10028333,-13.100284
636,voor,-0.048637208,-13.423637
637,voor,-0.04312377,-9.668124
638,tegen,-8.127613,-0.0026126401
639,voor,-0.0060105636,-10.006011
640,voor,-0.007652892,-11.507653
641,voor,-0.029982578,-8.654983
642,voor,-0.004113781,-12.129114
643,voor,-0.09908599,-2.599086
644,voor,-0.04864732,-13.673647
645,voor,-0.007475648,-7.257476
646,voor,-0.016078008,-12.641078
647,voor,-0.023316406,-10.773316
648,tegen,-12.000747,-0.00074626005
649,tegen,-1.1427516,-0.39275157
650,voor,-0.0160915,-11.641091
651,tegen,-9.000892,-0.000891452
652,voor,-0.10028582,-15.225286
653,tegen,-3.0523436,-0.05234367
654,voor,-0.0036380843,-11.503638
655,voor,-0.029804181,-14.779804
656,voor,-0.01260348,-10.137604
657,voor,-0.07898915,-14.828989
658,voor,-0.03809853,-14.288098
659,voor,-0.014557039,-5.139557
660,voor,-0.033702873,-12.033703
661,voor,-0.009895151,-9.384895
662,voor,-0.004713022,-9.879713
663,voor,-0.0076502836,-12.38265
664,voor,-0.029824095,-16.654823
665,voor,-0.009812169,-10.884812
666,voor,-0.048660602,-12.67366
667,voor,-0.043147285,-9.293147
668,voor,-0.018205896,-14.143206
669,voor,-0.062043868,-13.812044
670,voor,-0.01427445,-9.764275
671,voor,-0.033710133,-13.9087105
672,voor,-0.048642434,-13.298642
673,voor,-0.006462525,-6.7564626
674,voor,-0.0046898806,-10.37969
675,voor,-0.01256298,-11.637563
676,tegen,-4.392134,-0.017134251
677,voor,-0.004960732,-8.129961
678,tegen,-11.126976,-0.001975742
679,voor,-0.08826449,-2.5882645
680,voor,-0.026348025,-13.401348
681,voor,-0.06270612,-3.4377062
682,tegen,-14.250495,-0.0004950099
683,voor,-0.048647996,-11.923648
684,tegen,-10.875628,-0.00062808703
685,voor,-0.012559094,-12.762559
686,voor,-0.062049914,-13.43705
687,tegen,-5.011232,-0.01123197
688,tegen,-2.1300151,-0.1300151
689,voor,-0.029799672,-16.0298
690,voor,-0.020590119,-11.89559
691,voor,-0.055031456,-9.680032
692,voor,-0.062043082,-13.812043
693,voor,-0.038103227,-14.038103
694,voor,-0.008276962,-5.383277
695,voor,-0.016075075,-13.641075
696,voor,-0.017449766,-4.64245
697,voor,-0.021356147,-4.021356
698,voor,-0.1602947,-12.160295
699,voor,-0.01115276,-9.761153
700,voor,-0.016079888,-14.01608
701,tegen,-6.7546453,-0.004645265
702,voor,-0.018226622,-10.518227
703,voor,-0.004158534,-10.254159
704,voor,-0.0052726534,-11.630273
705,voor,-0.009574518,-7.0095744
706,voor,-0.029806383,-12.904806
707,voor,-0.07896448,-13.078964
708,tegen,-8.126072,-0.0010722271
709,voor,-0.033707716,-11.408708
710,tegen,-11.875655,-0.00065489317
711,tegen,-4.1438246,-0.018824365
712,voor,-0.012569227,-14.137569
713,voor,-0.0029365793,-9.377936
714,tegen,-1.8079444,-0.18294442
715,voor,-0.0061788135,-8.506179
716,tegen,-10.876382,-0.0013821403
717,voor,-0.05526441,-8.180264
718,voor,-0.010610315,-7.13561
719,voor,-0.013920427,-6.6389203
720,voor,-0.06203479,-12.687035
721,tegen,-10.253019,-0.0030191836
722,voor,-0.03808728,-15.413087
723,voor,-0.008654165,-13.258655
724,voor,-0.02329323,-14.8982935
725,tegen,-14.501496,-0.0014962917
726,tegen,-3.1716588,-0.046658717
727,voor,-0.06203099,-12.312031
728,voor,-0.0036629061,-10.753663
729,voor,-0.02951568,-3.6545157
730,voor,-0.019690154,-4.14469
731,voor,-0.029806618,-12.529807
732,voor,-0.020584863,-14.270585
733,voor,-0.029900204,-9.154901
734,voor,-0.06417066,-6.189171
735,voor,-0.078964144,-12.703964
736,voor,-0.029818535,-10.404819
737,voor,-0.10667441,-2.3566744
738,voor,-0.026726125,-7.9017262
739,voor,-0.020702813,-9.145702
740,voor,-0.00900404,-8.009004
741,voor,-0.07896315,-14.578963
742,voor,-0.0056541828,-5.8806543
743,voor,-0.10029034,-16.47529
744,voor,-0.009789617,-13.884789
745,voor,-0.004129692,-11.254129
746,voor,-0.0017450349,-11.876745
747,voor,-0.10027729,-16.475277
748,voor,-0.048649587,-13.79865
749,voor,-0.01608317,-13.266083
750,voor,-0.052070998,-3.302071
751,voor,-0.009806617,-11.759807
752,voor,-0.011154522,-9.761154
753,voor,-0.07037552,-8.070375
754,voor,-0.02353359,-8.398534
755,tegen,-1.9150794,-0.16507931
756,voor,-0.004148088,-10.2541485
757,voor,-0.009809449,-11.1348095
758,voor,-0.038102537,-13.913102
759,voor,-0.03810576,-10.788106
760,voor,-0.0380929,-14.413093
761,voor,-0.20149831,-13.826498
762,voor,-0.020649916,-9.77065
763,voor,-0.04865152,-15.798652
764,voor,-0.023293927,-13.5232935
765,voor,-0.023299286,-14.023299
766,voor,-0.006755752,-13.881756
767,voor,-0.018198758,-12.893199
768,voor,-0.029804412,-13.154804
769,voor,-0.011094862,-11.261095
770,voor,-0.03810495,-11.913105
771,voor,-0.009803782,-11.134804
772,voor,-0.0097879665,-13.634788
773,voor,-0.1275537,-7.627554
774,tegen,-5.7548246,-0.0048244307
775,voor,-0.0671359,-2.8171358
776,voor,-0.0067462814,-14.256746
777,voor,-0.023292648,-13.898293
778,voor,-0.47438583,-9.099386
779,voor,-0.029795965,-12.779796
780,voor,-0.026348377,-13.276348
781,voor,-0.020597478,-14.520597
782,voor,-0.025815863,-3.900816
783,voor,-0.0110956915,-13.386096
784,voor,-0.20801093,-1.7080109
785,voor,-0.033815585,-3.5338156
786,voor,-0.10297034,-5.97797
787,voor,-0.028862001,-6.028862
788,voor,-0.0059939674,-10.505994
789,voor,-0.020592574,-12.520593
790,voor,-0.026682362,-4.4016824
791,voor,-0.038101852,-12.913102
792,tegen,-8.252187,-0.0021867838
793,tegen,-1.2294862,-0.3544862
794,voor,-0.0466792,-3.2966793
795,voor,-0.018196536,-12.393196
796,voor,-0.11302717,-8.988028
797,voor,-0.020757692,-8.770758
798,voor,-0.0076589272,-13.007659
799,voor,-0.026853567,-4.0268536
800,voor,-0.038129844,-10.91313
801,voor,-0.016223814,-8.891224
802,tegen,-1.7043576,-0.20435765
803,voor,-0.062040057,-13.93704
804,tegen,-0.76113117,-0.63613117
805,voor,-0.008225891,-7.508226
806,voor,-0.048661403,-15.673661
807,voor,-0.023328284,-10.273328
808,voor,-0.07897604,-11.828976
809,tegen,-3.5304902,-0.030490084
810,voor,-0.0076590464,-11.507659
811,voor,-0.0098137,-11.134813
812,voor,-0.01607097,-14.016071
813,tegen,-9.752507,-0.0025072861
814,voor,-0.08742706,-2.5874271
815,voor,-0.16035797,-14.535358
816,tegen,-0.9014667,-0.5264667
817,voor,-0.004722753,-9.629723
818,voor,-0.4741853,-14.974185
819,voor,-0.007652061,-11.882652
820,tegen,-2.6981263,-0.0731263
821,voor,-0.00764863,-11.882648
822,tegen,-13.251576,-0.0015767596
823,voor,-0.4954427,-1.1204426
824,voor,-0.007656085,-11.257656
825,tegen,-13.250763,-0.00076281105
826,tegen,-6.7549686,-0.0049684434
827,tegen,-9.377699,-0.0026991859
828,tegen,-10.503392,-0.0033918296
829,voor,-0.2657469,-1.5157468
830,voor,-0.0110961655,-13.386096
831,tegen,-7.380588,-0.0055882763
832,tegen,-4.512671,-0.012671038
833,voor,-0.0032345133,-10.753235
834,voor,-0.07894983,-12.95395
835,voor,-0.0620265,-16.062027
836,voor,-0.023286588,-16.523287
837,voor,-0.02058977,-13.39559
838,voor,-0.078967005,-13.453967
839,voor,-0.009806502,-12.009807
840,voor,-0.0030769443,-8.378077
841,voor,-0.0067525483,-13.131753
842,voor,-0.012572048,-11.012572
843,voor,-0.0028632467,-10.752863
844,tegen,-6.12898,-0.0039802124
845,tegen,-2.1316934,-0.13169326
846,tegen,-9.506247,-0.006246104
847,voor,-0.12700234,-11.502003
848,voor,-0.13872604,-2.138726
849,voor,-0.055637933,-7.305638
850,voor,-0.0097958725,-13.634796
851,tegen,-4.6362796,-0.011279354
852,voor,-0.009799061,-12.509799
853,voor,-0.09629586,-2.4712958
854,voor,-0.0059927898,-7.255993
855,voor,-0.023299634,-12.398299
856,voor,-0.011725046,-7.386725
857,voor,-0.028111221,-4.9031115
858,voor,-0.018198289,-12.518198
859,voor,-0.01420852,-12.889209
860,tegen,-2.3598912,-0.109891176
861,tegen,-7.8761725,-0.0011723675
862,voor,-0.011141664,-6.636142
863,voor,-0.062042184,-12.937042
864,voor,-0.06882157,-2.9438217
865,voor,-0.054966237,-10.929966
866,voor,-0.07895137,-15.328952
867,voor,-0.023398632,-9.273398
868,voor,-0.004674573,-10.879675
869,voor,-0.5313727,-0.9063727
870,voor,-0.049257126,-7.4242573
871,voor,-0.048650842,-14.423651
872,voor,-0.16033511,-14.410336
873,voor,-0.16029927,-12.285299
874,voor,-0.028521433,-4.1535215
875,voor,-0.023495978,-8.648496
876,voor,-0.018221816,-10.768222
877,voor,-0.1272713,-8.252272
878,voor,-0.18984386,-1.8148439
879,voor,-0.026835462,-7.6518354
880,voor,-0.16032283,-10.285323
881,voor,-0.06417066,-6.189171
882,tegen,-13.250763,-0.00076281105
883,voor,-0.048659127,-11.048659
884,voor,-0.016076013,-14.141076
885,voor,-0.062044203,-15.312044
886,voor,-0.04305217,-14.168052
887,voor,-0.014212868,-13.514213
888,voor,-0.033708982,-11.408709
889,voor,-0.04863778,-13.923637
890,voor,-0.038139258,-10.038139
891,voor,-0.03004887,-8.405049
892,voor,-0.0068789995,-9.006879
893,voor,-0.018217957,-10.643218
894,tegen,-1.1421745,-0.39217454
895,voor,-0.0142249735,-11.014225
896,voor,-0.01361296,-5.1386127
897,voor,-0.029792618,-15.529793
898,voor,-0.0110727,-14.761073
899,voor,-0.014274569,-9.639275
900,tegen,-8.626193,-0.0011928485
901,voor,-0.039136514,-6.9141364
902,voor,-0.007644133,-11.757644
903,voor,-0.31872562,-1.3187256
904,voor,-0.07909952,-8.8291
905,voor,-0.079096876,-8.829097
906,voor,-0.16030617,-13.660306
907,voor,-0.5318663,-0.9068663
908,voor,-0.029806383,-13.654806
909,voor,-0.023298003,-14.273298
910,voor,-0.12702386,-11.002024
911,voor,-0.020593975,-11.770594
912,voor,-0.014212276,-13.889213
913,voor,-0.10027082,-12.725271
914,voor,-0.009797057,-12.759797
915,voor,-0.012572872,-10.887573
916,tegen,-0.97628033,-0.47628036
917,voor,-0.00883804,-8.633838
918,voor,-0.25204137,-11.752042
919,voor,-0.004648592,-15.629648
920,voor,-0.16032283,-12.910323
921,voor,-0.008647188,-13.883647
922,voor,-0.12710491,-9.252105
923,voor,-0.012551333,-12.387551
924,voor,-0.5463644,-0.9213644
925,voor,-0.01609326,-11.141093
926,voor,-0.038896322,-4.4138966
927,tegen,-3.7756305,-0.02563055
928,voor,-0.07897329,-13.578974
929,voor,-0.038092438,-13.788093
930,voor,-0.012555103,-14.012555
931,voor,-0.07896205,-16.328962
932,voor,-0.01926273,-5.019263
933,voor,-0.062107507,-9.437107
934,voor,-0.078952804,-15.453953
935,voor,-0.034623705,-7.0346236
936,tegen,-8.126466,-0.0014660578
937,voor,-0.016090326,-11.01609
938,voor,-0.043083694,-10.418084
939,voor,-0.0067633335,-12.006763
940,voor,-0.016088687,-12.3910885
941,voor,-0.011147447,-10.0111475
942,voor,-0.16038,-9.66038
943,voor,-0.0073194513,-7.5073195
944,voor,-0.6379263,-0.7629263
945,voor,-0.018214561,-11.643214
946,voor,-0.004650611,-12.754651
947,voor,-0.0076727564,-10.882672
948,tegen,-2.4671493,-0.092149355
949,voor,-0.07900854,-13.329008
950,voor,-0.05497391,-10.429974
951,voor,-0.03370714,-15.033707
952,tegen,-2.6971042,-0.0721043
953,voor,-0.07896205,-12.578962
954,voor,-0.04864403,-11.798644
955,voor,-0.029805226,-12.029805
956,voor,-0.012544619,-14.762545
957,voor,-0.016137594,-9.641137
958,voor,-0.062054176,-15.062055
959,voor,-0.023305925,-13.648306
960,voor,-0.008743748,-9.383743
961,voor,-0.029814022,-14.654814
962,voor,-0.012556266,-13.762556
963,tegen,-8.501212,-0.0012122603
964,voor,-0.10736077,-2.6073608
965,voor,-0.01422944,-11.26423
966,voor,-0.0341388,-7.7841387
967,voor,-0.014206638,-14.639207
968,voor,-0.10757308,-2.357573
969,voor,-0.25205564,-15.002056
970,voor,-0.033705175,-13.033705
971,voor,-0.008659605,-12.008659
972,voor,-0.0142032355,-12.889203
973,tegen,-12.378808,-0.003808265
974,tegen,-8.130191,-0.005190944
975,tegen,-13.891352,-0.016351407
976,tegen,-4.021114,-0.02111364
977,tegen,-6.752237,-0.002236732
978,tegen,-12.751906,-0.0019062626
979,voor,-0.12701578,-11.377016
980,voor,-0.0060407817,-9.506041
981,voor,-0.014222737,-12.514223
982,voor,-0.20151334,-12.451513
983,voor,-0.02058615,-13.395586
984,voor,-0.020653304,-9.645654
985,tegen,-8.252805,-0.0028047527
986,voor,-0.0038435406,-7.3788433
987,voor,-0.043111894,-10.043112
988,voor,-0.01608986,-12.016089
989,voor,-0.0037585131,-9.003758
990,voor,-0.0046719685,-10.629672
991,tegen,-3.2906704,-0.040670287
992,voor,-0.023298467,-13.023298
993,voor,-0.038103804,-13.788104
994,voor,-0.048643917,-12.173644
995,tegen,-10.876914,-0.0019137615
996,voor,-0.009801419,-13.009802
997,voor,-0.0077285995,-9.382729
998,voor,-0.00982456,-11.134825
999,voor,-0.10026696,-13.475267
1000,voor,-0.033708286,-13.783709
1001,voor,-0.0077427933,-9.257743
1002,voor,-0.01200648,-7.0120063
1003,voor,-0.062103804,-9.687104
1004,voor,-0.016103232,-10.891103
1005,voor,-0.018196536,-13.768196
1006,voor,-0.006268736,-8.1312685
1007,voor,-0.20154238,-10.951542
1008,voor,-0.16031988,-14.41032
1009,tegen,-4.761065,-0.011065036
1010,voor,-0.048895277,-8.298895
1011,tegen,-6.3785257,-0.0035259556
1012,voor,-0.008661605,-11.883661
1013,voor,-0.048651185,-13.548651
1014,voor,-0.113474235,-7.6134744
1015,voor,-0.018200632,-13.518201
1016,voor,-0.0060852077,-9.131085
1017,voor,-0.014209231,-12.889209
1018,voor,-0.7024883,-0.7024883
1019,tegen,-1.2315301,-0.35653007
1020,tegen,-15.004263,-0.0042633507
1021,voor,-0.03814465,-11.288145
1022,voor,-0.31360772,-8.688608
1023,voor,-0.029804412,-14.279804
1024,voor,-0.038089916,-12.28809
1025,tegen,-7.876688,-0.0016881546
1026,voor,-0.07896271,-16.203962
1027,voor,-0.012908079,-4.887908
1028,voor,-0.04865993,-13.79866
1029,voor,-0.0059650573,-13.630965
1030,voor,-0.009824206,-10.384824
1031,voor,-0.0298058,-12.154806
1032,voor,-0.01608622,-12.391087
1033,voor,-0.005276807,-13.880277
1034,voor,-0.023293927,-13.1482935
1035,voor,-0.007641294,-12.132641
1036,voor,-0.0067620254,-15.006762
1037,voor,-0.14129817,-2.1412983
1038,tegen,-1.6049522,-0.22995219
1039,voor,-0.008653573,-13.883654
1040,voor,-0.16032161,-15.410321
1041,voor,-0.008655346,-11.758656
1042,voor,-0.048639033,-12.673639
1043,voor,-0.12779261,-7.252793
1044,voor,-0.015048227,-6.015048
1045,voor,-0.038117338,-12.538117
1046,tegen,-8.251387,-0.0013864279
1047,voor,-0.033749085,-9.783749
1048,voor,-0.01610159,-12.766102
1049,voor,-0.014201589,-12.889201
1050,voor,-0.014219212,-11.139219
1051,voor,-0.025994178,-4.0259943
1052,voor,-0.048652202,-11.798653
1053,voor,-0.06203154,-12.062032
1054,voor,-0.04864834,-13.298648
1055,voor,-0.16032425,-14.535324
1056,voor,-0.008664918,-12.758665
1057,voor,-0.007642118,-12.757642
1058,voor,-0.010059093,-5.510059
1059,voor,-0.023301847,-13.773302
1060,voor,-0.062044546,-13.562044
1061,voor,-0.0076447288,-11.882645
1062,voor,-0.16032901,-14.410329
1063,voor,-0.016093494,-12.766093
1064,voor,-0.048644934,-11.673645
1065,voor,-0.00900404,-8.009004
1066,voor,-0.016382951,-8.141383
1067,voor,-0.009162462,-6.5091624
1068,voor,-0.011103355,-12.886104
1069,voor,-0.038096916,-15.413097
1070,voor,-0.048646867,-12.173647
1071,voor,-0.1003049,-10.975305
1072,voor,-0.018209763,-13.393209
1073,voor,-0.011090505,-13.38609
1074,tegen,-7.126542,-0.0015418807
1075,voor,-0.07895687,-11.703957
1076,tegen,-3.1700134,-0.045013502
1077,voor,-0.07896811,-12.078968
1078,tegen,-8.252611,-0.0026110942
1079,voor,-0.020593157,-13.395593
1080,voor,-0.026352206,-13.026352
1081,voor,-0.10031774,-10.725318
1082,voor,-0.030029088,-8.405029
1083,voor,-0.0470971,-5.547097
1084,voor,-0.048683885,-10.173684
1085,voor,-0.02982812,-10.779828
1086,voor,-0.029812632,-14.654813
1087,voor,-0.06250826,-7.687508
1088,voor,-0.01340103,-7.138401
1089,voor,-0.03129768,-6.5312977
1090,voor,-0.014205229,-12.514205
1091,voor,-0.010005503,-8.510006
1092,voor,-0.0789506,-13.578951
1093,voor,-0.014200997,-13.014201
1094,voor,-0.062017873,-12.687017
1095,voor,-0.033029653,-3.5330296
1096,voor,-0.31338093,-13.688381
1097,voor,-0.023290899,-12.523291
1098,voor,-0.00601258,-10.131013
1099,voor,-0.043072272,-11.043073
1100,voor,-0.12700842,-13.002008
1101,voor,-0.018202389,-13.393203
1102,voor,-0.033927023,-8.408927
1103,voor,-0.011211572,-9.136211
1104,voor,-0.100291416,-11.225291
1105,voor,-0.055178568,-8.430179
1106,voor,-0.005263645,-14.130263
1107,voor,-0.0063860104,-6.381386
1108,voor,-0.005465217,-6.630465
1109,voor,-0.024907563,-4.0249076
1110,voor,-0.048969634,-8.048969
1111,voor,-0.12710114,-9.252101
1112,voor,-0.07004158,-9.945042
1113,voor,-0.0076667215,-10.632667
1114,voor,-0.029813787,-15.154814
1115,voor,-0.02981217,-14.779812
1116,voor,-0.016071087,-14.641071
1117,voor,-0.16032912,-15.035329
1118,voor,-0.026359873,-14.15136
1119,voor,-0.3133965,-14.313396
1120,voor,-0.12699771,-13.126998
1121,voor,-0.10030069,-14.850301
1122,voor,-0.01611132,-11.016111
1123,voor,-0.03808923,-13.163089
1124,voor,-0.07899422,-10.453994
1125,voor,-0.02058685,-13.645587
1126,voor,-0.011088847,-14.386088
1127,voor,-0.009582196,-5.134582
1128,voor,-0.02059374,-12.520594
1129,voor,-0.010516661,-7.2605166
1130,voor,-0.055061016,-9.180061
1131,voor,-0.110040694,-2.3600407
1132,voor,-0.078950375,-13.82895
1133,voor,-0.026351392,-13.651351
1134,tegen,-0.9049593,-0.5299593
1135,voor,-0.14228438,-2.1422844
1136,voor,-0.08050353,-2.5805035
1137,voor,-0.005333728,-9.755334
1138,voor,-0.008655227,-12.383656
1139,voor,-0.02634535,-13.151345
1140,tegen,-5.754661,-0.004661165
1141,voor,-0.07908608,-9.329086
1142,voor,-0.014204051,-14.889204
1143,tegen,-0.75911266,-0.63411266
1144,voor,-0.012555797,-13.012556
1145,tegen,-1.6027819,-0.22778194
1146,voor,-0.062035915,-11.437036
1147,voor,-0.0125531,-13.637553
1148,voor,-0.0032327326,-7.878233
1149,voor,-0.016077891,-15.016078
1150,voor,-0.008669526,-11.63367
1151,voor,-0.014210401,-12.889211
1152,voor,-0.06205003,-14.18705
1153,voor,-0.026355455,-14.151356
1154,voor,-0.07894972,-13.45395
1155,voor,-0.01608364,-15.266084
1156,voor,-0.05709933,-2.9320993
1157,voor,-0.041003767,-3.5410037
1158,voor,-0.10027945,-13.60028
1159,voor,-0.0028393494,-12.002839
1160,voor,-0.0067828624,-10.381783
1161,voor,-0.018209059,-13.768209
1162,voor,-0.014211924,-12.014212
1163,voor,-0.0067538554,-13.506754
1164,voor,-0.029803606,-13.154803
1165,voor,-0.048663672,-10.923664
1166,voor,-0.04864573,-11.423646
1167,tegen,-2.2387931,-0.11379303
1168,voor,-0.014206757,-12.639207
1169,voor,-0.01118434,-9.261185
1170,tegen,-14.375793,-0.00079390116
1171,tegen,-6.502418,-0.0024182263
1172,voor,-0.0486388,-12.798638
1173,voor,-0.1270579,-10.377058
1174,voor,-0.0033572512,-8.878357
1175,tegen,-12.000674,-0.0006745471
1176,tegen,-13.252177,-0.0021771467
1177,tegen,-0.76524353,-0.64024353
1178,voor,-0.10027524,-12.225275
1179,voor,-0.012557209,-12.012557
1180,voor,-0.35609317,-1.2310932
1181,voor,-0.07920767,-8.329207
1182,voor,-0.04864073,-12.923641
1183,voor,-0.02329183,-13.898292
1184,voor,-0.038098186,-12.538098
1185,voor,-0.020593157,-13.395593
1186,voor,-0.020591054,-13.520591
1187,voor,-0.35022858,-1.2252285
1188,voor,-0.014206995,-14.514207
1189,voor,-0.161025,-7.286025
1190,tegen,-1.912303,-0.16230302
1191,voor,-0.02069837,-9.145699
1192,voor,-0.018194074,-13.518194
1193,voor,-0.03811401,-15.163114
1194,voor,-0.12700045,-13.002001
1195,voor,-0.014356354,-8.889357
1196,tegen,-13.502074,-0.002074602
1197,tegen,-5.1330194,-0.008019672
1198,voor,-0.04887746,-8.423878
1199,voor,-0.026358705,-12.401359
1200,voor,-0.010436561,-7.3854365
1201,voor,-0.026444739,-9.526444
1202,voor,-0.16033319,-14.160334
1203,voor,-0.0028727502,-10.377872
1204,voor,-0.100301445,-14.350302
1205,voor,-0.00985808,-9.884858
1206,voor,-0.04865073,-11.798651
1207,voor,-0.024023682,-4.6490235
1208,voor,-0.03810288,-15.663103
1209,voor,-0.008655227,-12.508656
1210,voor,-0.100321405,-10.225322
1211,voor,-0.033750933,-9.908751
1212,voor,-0.07897362,-12.578974
1213,voor,-0.038092095,-14.413092
1214,voor,-0.020586733,-14.145587
1215,voor,-0.062038157,-14.187038
1216,voor,-0.016081883,-14.391082
1217,voor,-0.012550859,-14.012551
1218,voor,-0.1270372,-14.377037
1219,voor,-0.02329323,-14.7732935
1220,voor,-0.023291944,-13.148292
1221,voor,-0.048648797,-14.548649
1222,voor,-0.10028074,-12.725281
1223,voor,-0.0032570926,-10.003257
1224,voor,-0.0111257555,-10.261126
1225,voor,-0.03810288,-16.038103
1226,voor,-0.026692932,-8.026693
1227,voor,-0.020627845,-10.145628
1228,voor,-0.004687634,-10.379687
1229,tegen,-2.931049,-0.05604919
1230,voor,-0.01608446,-13.391085
1231,tegen,-3.4154277,-0.040427726
1232,voor,-0.007646849,-14.382647
1233,voor,-0.030254057,-7.780254
1234,tegen,-0.98137796,-0.48137793
1235,voor,-0.029797584,-12.779798
1236,voor,-0.062028743,-12.312029
1237,voor,-0.5218165,-1.0218165
1238,voor,-0.018191965,-13.893192
1239,voor,-0.023299517,-13.648299
1240,tegen,-1.913202,-0.16320199
1241,voor,-0.13671234,-2.1367123
1242,voor,-0.012551564,-13.762551
1243,voor,-0.042164795,-3.4171648
1244,voor,-0.018211871,-11.643212
1245,voor,-0.018200515,-12.643201
1246,voor,-0.0046593845,-11.50466
1247,tegen,-7.0021105,-0.0021106475
1248,voor,-0.008922523,-8.258923
1249,voor,-0.16030324,-11.660303
1250,voor,-0.0046584345,-13.129659
1251,voor,-0.012798627,-6.387799
1252,voor,-0.4134054,-1.2884054
1253,voor,-0.018204499,-11.268205
1254,voor,-0.10029195,-13.475292
1255,voor,-0.02980743,-11.904807
1256,voor,-0.009167778,-6.5091677
1257,voor,-0.062021237,-13.562021
1258,voor,-0.062021576,-15.937021
1259,voor,-0.01819677,-15.393197
1260,voor,-0.100290775,-11.47529
1261,voor,-0.10030404,-10.725304
1262,voor,-0.02062399,-11.020624
1263,voor,-0.16029541,-12.1602955
1264,voor,-0.03809863,-12.663098
1265,voor,-0.018301884,-5.518302
1266,voor,-0.01646644,-7.8914666
1267,voor,-0.018245233,-10.143246
1268,voor,-0.016101824,-11.141102
1269,voor,-0.007687901,-10.007688
1270,voor,-0.033773985,-9.658774
1271,voor,-0.012999396,-7.7629995
1272,voor,-0.10030178,-13.725302
1273,voor,-0.0059713344,-11.880971
1274,voor,-0.007641294,-13.757641
1275,voor,-0.054950435,-11.554951
1276,voor,-0.058532618,-3.0585327
1277,voor,-0.038106438,-13.663106
1278,voor,-0.07895599,-14.953956
1279,voor,-0.012556146,-13.762556
1280,voor,-0.026347794,-14.026348
1281,voor,-0.20164917,-9.201649
1282,voor,-0.062043868,-14.687044
1283,voor,-0.049017876,-8.049018
1284,voor,-0.018196419,-11.643196
1285,voor,-0.07053861,-7.5705385
1286,tegen,-0.76113117,-0.63613117
1287,voor,-0.029816905,-13.779817
1288,voor,-0.062050816,-13.812051
1289,voor,-0.078976266,-13.328977
1290,voor,-0.062033895,-15.812034
1291,voor,-0.36474562,-1.2397456
1292,voor,-0.0128760645,-5.262876
1293,voor,-0.018403122,-8.643403
1294,voor,-0.029808119,-12.029808
1295,voor,-0.011089914,-12.38609
1296,voor,-0.018198172,-12.143198
1297,voor,-0.009804613,-12.884805
1298,voor,-0.00676001,-14.00676
1299,voor,-0.062047232,-13.687047
1300,voor,-0.039995324,-6.289995
1301,voor,-0.007646849,-12.507647
1302,tegen,-1.8073416,-0.18234164
1303,voor,-0.006751374,-13.006751
1304,voor,-0.018357243,-8.768357
1305,voor,-0.01610476,-10.766105
1306,voor,-0.029901369,-9.4049015
1307,voor,-0.009798234,-13.134798
1308,voor,-0.007652892,-11.882653
1309,voor,-0.012555324,-13.887555
1310,voor,-0.12699246,-15.876992
1311,voor,-0.0374101,-3.78741
1312,voor,-0.017416865,-6.642417
1313,voor,-0.00364343,-11.253643
1314,tegen,-6.255823,-0.005823214
1315,voor,-0.0142106395,-12.514211
1316,voor,-0.012560156,-11.13756
1317,tegen,-13.375871,-0.00087048684
1318,voor,-0.014208407,-12.514209
1319,voor,-0.011195659,-5.1361957
1320,tegen,-5.7538843,-0.0038843926
1321,voor,-0.10028614,-14.3502865
1322,voor,-0.00392618,-8.128926
1323,tegen,-9.7519455,-0.0019451763
1324,voor,-0.016090443,-11.51609
1325,voor,-0.016075544,-13.641075
1326,voor,-0.100323886,-15.100324
1327,voor,-0.005965646,-13.005965
1328,tegen,-6.2528863,-0.0028863063
1329,voor,-0.16411333,-1.9141133
1330,tegen,-5.3807507,-0.005750795
1331,voor,-0.048649587,-14.92365
1332,voor,-0.012550859,-12.512551
1333,voor,-0.006047893,-9.506048
1334,tegen,-3.4100368,-0.0350369
1335,tegen,-4.1423607,-0.017360626
1336,voor,-0.07895941,-14.203959
1337,voor,-0.01608493,-13.641085
1338,tegen,-13.377138,-0.0021382442
1339,voor,-0.009822198,-10.884822
1340,voor,-0.014203116,-17.014204
1341,tegen,-11.626079,-0.0010783029
1342,voor,-0.1603017,-12.910302
1343,voor,-0.02330045,-15.5233
1344,voor,-0.011099467,-11.8861
1345,voor,-0.004117581,-11.504118
1346,voor,-0.048658337,-13.173658
1347,voor,-0.018485282,-4.393485
1348,voor,-0.0041216193,-11.129122
1349,voor,-0.0042272704,-9.129228
1350,voor,-0.007643306,-13.132644
1351,voor,-0.0487033,-9.923703
1352,voor,-0.008659723,-12.508659
1353,voor,-0.006755633,-12.756756
1354,voor,-0.012557562,-13.137558
1355,voor,-0.77121955,-0.77121955
1356,voor,-0.062039834,-13.312039
1357,voor,-0.075782835,-2.7007828
1358,voor,-0.10028528,-11.350286
1359,voor,-0.0041211424,-11.379121
1360,voor,-0.47534296,-0.975343
1361,tegen,-6.8796573,-0.0046571377
1362,tegen,-5.0080676,-0.008067799
1363,voor,-0.024843248,-4.024843
1364,voor,-0.018240431,-10.01824
1365,voor,-0.054970868,-10.179971
1366,voor,-0.014210051,-12.38921
1367,voor,-0.06202807,-13.187028
1368,voor,-0.013471487,-7.0134716
1369,voor,-0.018193958,-12.518194
1370,voor,-0.16030811,-12.535308
1371,voor,-0.01609232,-11.016092
1372,voor,-0.026358237,-13.901359
1373,voor,-0.0041343225,-10.754134
1374,voor,-0.25205168,-11.252051
1375,voor,-0.012584531,-10.137585
1376,voor,-0.062035803,-11.312036
1377,voor,-0.02984687,-10.029847
1378,voor,-0.0059636305,-12.005963
1379,voor,-0.014269286,-9.639269
1380,voor,-0.016075075,-12.891075
1381,voor,-0.13266867,-2.1326687
1382,voor,-0.016084343,-14.391085
1383,voor,-0.026417682,-9.651418
1384,voor,-0.029809732,-12.77981
1385,voor,-0.020595724,-14.270596
1386,voor,-0.022111215,-6.5221114
1387,voor,-0.020757692,-8.770758
1388,tegen,-1.912303,-0.16230302
1389,voor,-0.0047038803,-9.8797035
1390,tegen,-3.8975515,-0.022551421
1391,voor,-0.029814832,-11.404815
1392,voor,-0.012552275,-14.137552
1393,voor,-0.12703961,-14.12704
1394,voor,-0.004965239,-8.129965
1395,voor,-0.05802227,-5.8080225
1396,voor,-0.0041662524,-10.004167
1397,voor,-0.10029433,-13.850294
1398,voor,-0.04863608,-12.798636
1399,voor,-0.03810242,-12.788102
1400,voor,-0.0111268135,-10.2611265
1401,voor,-0.007647795,-13.7576475
1402,tegen,-4.266283,-0.016283272
1403,voor,-0.078961395,-13.578961
1404,voor,-0.09725573,-4.8472557
1405,voor,-0.029812632,-14.404813
1406,tegen,-7.6274896,-0.0024896916
1407,voor,-0.011182931,-9.386183
1408,voor,-0.02980002,-14.5298
1409,voor,-0.026353363,-12.776354
1410,voor,-0.019703357,-4.5197034
1411,voor,-0.012591236,-10.137591
1412,tegen,-8.002292,-0.0022913292
1413,voor,-0.016638802,-5.5166388
1414,voor,-0.007658331,-11.257658
1415,voor,-0.023298003,-14.273298
1416,voor,-0.0789484,-13.453948
1417,voor,-0.03443749,-7.2844377
1418,voor,-0.012564865,-11.012565
1419,tegen,-13.000788,-0.0007879484
1420,voor,-0.018241018,-10.143241
1421,voor,-0.07903322,-9.829033
1422,voor,-0.038114354,-11.288115
1423,voor,-0.36470625,-1.2397063
1424,voor,-0.026349882,-12.65135
1425,voor,-0.011089914,-13.01109
1426,voor,-0.07004914,-9.945049
1427,voor,-0.009850174,-9.7598505
1428,voor,-0.018194543,-13.018194
1429,tegen,-6.627459,-0.0024592488
1430,voor,-0.005292577,-10.880293
1431,voor,-0.026347794,-13.151348
1432,voor,-0.0101100765,-8.13511
1433,voor,-0.07897935,-14.0789795
1434,voor,-0.014210519,-14.264211
1435,tegen,-9.875653,-0.00065298594
1436,tegen,-9.50091,-0.0009099139
1437,voor,-0.006778843,-11.006779
1438,voor,-0.03810851,-11.413109
1439,voor,-0.0033326568,-9.003333
1440,tegen,-10.2505665,-0.0005661378
1441,voor,-0.011136724,-9.886137
1442,voor,-0.12699257,-12.626992
1443,voor,-0.01255792,-13.762558
1444,voor,-0.023307089,-14.273307
1445,voor,-0.2520311,-16.502031
1446,voor,-0.0070660505,-8.132066
1447,voor,-0.04863313,-16.548634
1448,voor,-0.10030037,-14.725301
1449,voor,-0.004262177,-8.879262
1450,tegen,-9.25079,-0.0007899748
1451,voor,-0.31709534,-1.3170953
1452,voor,-0.12702261,-15.752023
1453,voor,-0.1302035,-2.1302035
1454,voor,-0.0047250073,-9.504725
1455,voor,-0.0076472065,-12.3826475
1456,tegen,-7.6268277,-0.0018276229
1457,voor,-0.078947626,-16.203947
1458,voor,-0.048656747,-11.423656
1459,voor,-0.010599347,-6.260599
1460,voor,-0.023548031,-4.523548
1461,voor,-0.011319775,-8.38632
1462,voor,-0.16078457,-2.1607845
1463,voor,-0.005271942,-13.755272
1464,voor,-0.005979635,-10.88098
1465,voor,-0.012712242,-8.7627125
1466,voor,-0.020698605,-9.145699
1467,tegen,-3.7748423,-0.024842324
1468,tegen,-3.4099174,-0.034917414
1469,voor,-0.018208707,-13.7682085
1470,voor,-0.04307124,-14.668071
1471,voor,-0.0098070875,-11.509807
1472,voor,-0.10028981,-13.475289
1473,voor,-0.0032877517,-9.503287
1474,voor,-0.009893735,-9.384893
1475,voor,-0.006756698,-11.881757
1476,voor,-0.012546504,-14.137547
1477,voor,-0.008660421,-13.13366
1478,voor,-0.011093565,-12.136093
1479,tegen,-3.1704216,-0.045421503
1480,voor,-0.008647545,-13.008648
1481,voor,-0.004663661,-11.754663
1482,tegen,-2.5812612,-0.08126119
1483,voor,-0.014213687,-14.389214
1484,voor,-0.014244837,-10.264245
1485,voor,-0.062029865,-12.68703
1486,voor,-0.008697301,-10.0086975
1487,voor,-0.016069092,-14.516069
1488,voor,-0.07897825,-10.578979
1489,voor,-0.5826928,-0.8326928
1490,voor,-0.06203221,-15.312032
1491,voor,-0.029124632,-3.9041247
1492,voor,-0.014208757,-13.764209
1493,tegen,-12.001381,-0.0013809482
1494,voor,-0.014723498,-5.6397233
1495,voor,-0.13424423,-2.1342442
1496,tegen,-0.8298609,-0.5798609
1497,voor,-0.003267553,-9.753267
1498,tegen,-2.3535695,-0.10356939
1499,tegen,-11.876499,-0.0014989105
1500,voor,-0.0789712,-14.328971
1501,voor,-0.038091864,-13.413092
1502,voor,-0.00980154,-11.884802
1503,voor,-0.016078597,-12.516079
1504,voor,-0.08985318,-3.9648533
1505,tegen,-4.8837204,-0.008720236
1506,voor,-0.0059702694,-12.00597
1507,voor,-0.033699643,-14.4087
1508,voor,-0.2015224,-11.826523
1509,voor,-0.016080355,-13.51608
1510,voor,-0.5818865,-0.8318865
1511,voor,-0.104178876,-2.354179
1512,voor,-0.00412435,-11.379125
1513,voor,-0.0029082967,-9.627909
1514,voor,-0.0052603222,-13.75526
1515,voor,-0.011087555,-14.511087
1516,voor,-0.018214561,-10.643214
1517,voor,-0.034039836,-8.0340395
1518,voor,-0.01607977,-14.26608
1519,voor,-0.0029458476,-9.127946
1520,tegen,-0.7608211,-0.6358211
1521,voor,-0.009712774,-6.8847127
1522,voor,-0.023291944,-13.648292
1523,voor,-0.0053350283,-9.880335
1524,voor,-0.007638329,-13.882638
1525,tegen,-10.375592,-0.0005922324
1526,voor,-0.018197702,-13.143198
1527,voor,-0.048662197,-13.673662
1528,voor,-0.0036408114,-11.378641
1529,voor,-0.07895798,-11.453958
1530,voor,-0.01190494,-7.1369047
1531,voor,-0.0111345975,-6.6361346
1532,voor,-0.06203031,-12.43703
1533,voor,-0.16604507,-1.9160451
1534,voor,-0.009827634,-10.509828
1535,voor,-0.011111136,-10.761111
1536,tegen,-12.500385,-0.0003853902
1537,voor,-0.01422039,-11.13922
1538,voor,-0.078978464,-13.453979
1539,tegen,-3.4123106,-0.037310544
1540,voor,-0.0047372263,-9.379737
1541,voor,-0.07895952,-14.328959
1542,voor,-0.038105525,-15.163106
1543,voor,-0.12701747,-12.252017
1544,voor,-0.0076440135,-13.132644
1545,voor,-0.1607734,-7.7857733
1546,voor,-0.04864539,-12.798645
1547,voor,-0.0620386,-13.062038
1548,voor,-0.023307905,-13.398308
1549,voor,-0.38697323,-13.136973
1550,voor,-0.16030627,-12.785306
1551,voor,-0.038095996,-12.288096
1552,voor,-0.010463808,-5.8854637
1553,voor,-0.006747343,-12.881747
1554,voor,-0.13446705,-2.2594671
1555,voor,-0.100312985,-13.225313
1556,voor,-0.5441871,-0.9191871
1557,voor,-0.004129692,-11.129129
1558,voor,-0.38936117,-1.1393611
1559,voor,-0.012897013,-8.012897
1560,voor,-0.018193604,-14.143193
1561,voor,-0.011097577,-11.511098
1562,voor,-0.0790048,-13.954005
1563,voor,-0.062050257,-14.68705
1564,voor,-0.012575107,-10.762575
1565,voor,-0.007751556,-9.257751
1566,tegen,-5.5054054,-0.0054053385
1567,voor,-0.009955709,-8.884955
1568,voor,-0.008688322,-10.633688
1569,voor,-0.04867628,-10.6736765
1570,voor,-0.005291512,-11.005292
1571,voor,-0.016099477,-10.7661
1572,tegen,-6.2533326,-0.0033327758
1573,voor,-0.014397721,-8.639398
1574,voor,-0.078971416,-14.078972
1575,voor,-0.029793542,-15.154794
1576,voor,-0.048650388,-13.048651
1577,voor,-0.048643116,-14.423643
1578,voor,-0.029806728,-12.404807
1579,voor,-0.10029994,-11.8503
1580,voor,-0.007650165,-12.25765
1581,voor,-0.012550859,-13.762551
1582,voor,-0.014218513,-11.389218
1583,voor,-0.012557328,-12.762557
1584,tegen,-8.878102,-0.003102373
1585,voor,-0.38697743,-13.136977
1586,voor,-0.0049435277,-6.3799434
1587,tegen,-1.0593097,-0.43430972
1588,voor,-0.023321532,-10.773321
1589,tegen,-4.6360345,-0.011034265
1590,tegen,-7.126771,-0.0017710928
1591,voor,-0.16030018,-14.6603
1592,voor,-0.2520537,-12.127053
1593,voor,-0.004675288,-10.754675
1594,voor,-0.12700056,-13.252001
1595,voor,-0.018205546,-11.643206
1596,voor,-0.006762383,-14.0067625
1597,voor,-0.026369043,-11.151369
1598,voor,-0.0036442573,-11.753644
1599,tegen,-5.7545576,-0.0045574615
1600,voor,-0.089087114,-9.8390875
1601,voor,-0.005476721,-7.130477
1602,voor,-0.005287242,-11.130287
1603,voor,-0.0033363372,-9.128336
1604,voor,-0.02637392,-10.776374
1605,voor,-0.007656085,-11.382656
1606,voor,-0.048634827,-11.923635
1607,voor,-0.0126556195,-9.137655
1608,voor,-0.012554391,-13.137554
1609,voor,-0.008657359,-13.133657
1610,voor,-0.06203715,-14.187037
1611,voor,-0.0069668475,-8.506967
1612,voor,-0.012548616,-13.637548
1613,voor,-0.078979135,-11.9539795
1614,voor,-0.018219132,-12.018219
1615,voor,-0.0052796532,-11.88028
1616,voor,-0.009795284,-12.259795
1617,voor,-0.012551094,-14.137551
1618,voor,-0.100302964,-10.100303
1619,voor,-0.0060098525,-7.25601
1620,voor,-0.048690815,-10.048691
1621,voor,-0.014221448,-14.264221
1622,voor,-0.062039386,-11.062039
1623,voor,-0.06205933,-14.937059
1624,voor,-0.06204533,-15.937045
1625,voor,-0.026347794,-12.526348
1626,tegen,-7.501796,-0.001795847
1627,voor,-0.062034573,-11.812035
1628,voor,-0.014260702,-9.76426
1629,voor,-0.07897924,-14.2039795
1630,tegen,-11.375395,-0.00039528406
1631,voor,-0.005274788,-12.630275
1632,voor,-0.02634373,-13.526343
1633,voor,-0.026363704,-11.401363
1634,voor,-0.008703567,-10.008703
1635,voor,-0.026358822,-11.776359
1636,tegen,-7.6275854,-0.0025855277
1637,voor,-0.062053163,-10.312053
1638,voor,-0.02982812,-10.779828
1639,voor,-0.01635739,-8.266357
1640,voor,-0.038124338,-10.788124
1641,tegen,-1.8064787,-0.1814788
1642,voor,-0.005963049,-13.130963
1643,voor,-0.12703152,-12.502031
1644,voor,-0.012577812,-10.512578
1645,voor,-0.07895897,-12.9539585
1646,voor,-0.023303946,-11.648304
1647,voor,-0.0051533505,-6.880153
1648,voor,-0.0086501455,-14.75865
1649,voor,-0.019520888,-6.6445208
1650,voor,-0.0053287433,-10.130329
1651,voor,-0.01421675,-12.014216
1652,voor,-0.03813869,-10.163138
1653,voor,-0.01820695,-11.518207
1654,voor,-0.0076576197,-11.757658
1655,voor,-0.009786901,-13.009787
1656,voor,-0.16031227,-11.535313
1657,voor,-0.026356155,-11.901356
1658,voor,-0.078966565,-11.203966
1659,voor,-0.0110951,-12.386095
1660,voor,-0.018192435,-14.393192
1661,voor,-0.0076603466,-11.00766
1662,voor,-0.16029936,-11.160299
1663,voor,-0.018199693,-13.6432
1664,voor,-0.009803901,-11.509804
1665,voor,-0.0046498957,-14.00465
1666,voor,-0.0065252995,-7.5065255
1667,voor,-0.02329579,-11.398295
1668,voor,-0.0110810725,-14.011081
1669,voor,-0.026833601,-4.7768335
1670,voor,-0.0381629,-9.663163
1671,tegen,-1.7039434,-0.2039434
1672,voor,-0.07895203,-13.953952
1673,voor,-0.0110928565,-11.511093
1674,voor,-0.009795753,-12.134796
1675,voor,-0.038087048,-13.288087
1676,voor,-0.20149483,-12.701495
1677,voor,-0.048641413,-13.798641
1678,voor,-0.011521677,-5.886522
1679,voor,-0.04865561,-14.2986555
1680,voor,-0.062043868,-11.187044
1681,voor,-0.0052661267,-14.380266
1682,voor,-0.10030662,-9.9753065
1683,voor,-0.0181922,-14.268192
1684,voor,-0.1603869,-9.410387
1685,voor,-0.10026577,-13.6002655
1686,voor,-0.026348142,-13.901348
1687,tegen,-10.001125,-0.0011255717
1688,tegen,-10.625839,-0.00083892717
1689,voor,-0.078980014,-14.82898
1690,voor,-0.033698723,-11.408699
1691,voor,-0.009807917,-11.509808
1692,voor,-0.078956544,-14.828957
1693,tegen,-8.875887,-0.0008864454
1694,voor,-0.20152287,-13.076523
1695,voor,-0.029798508,-14.7797985
1696,voor,-0.01109982,-11.2611
1697,voor,-0.018197937,-11.893198
1698,voor,-0.012610547,-9.88761
1699,tegen,-1.6032827,-0.22828265
1700,voor,-0.038099322,-12.038099
1701,voor,-0.12195907,-2.246959
1702,tegen,-4.0349264,-0.034926627
1703,voor,-0.16031663,-14.035316
1704,voor,-0.07895467,-12.078955
1705,voor,-0.062023144,-13.937023
1706,voor,-0.12701693,-12.627017
1707,voor,-0.078983866,-10.828984
1708,voor,-0.029800946,-15.029801
1709,voor,-0.25205138,-12.127051
1710,voor,-0.1603145,-12.410315
1711,voor,-0.007682935,-10.382683
1712,voor,-0.0032145458,-12.503215
1713,tegen,-1.1397064,-0.38970634
1714,voor,-0.009856549,-9.884856
1715,voor,-0.009805198,-14.134805
1716,voor,-0.25204057,-12.752041
1717,voor,-0.01256934,-10.887569
1718,tegen,-6.627863,-0.0028631277
1719,voor,-0.16033694,-10.5353365
1720,voor,-0.020640453,-9.77064
1721,voor,-0.014206757,-13.264207
1722,voor,-0.0068902546,-8.88189
1723,voor,-0.07897792,-10.953978
1724,voor,-0.04866458,-13.048665
1725,voor,-0.029814716,-13.029815
1726,voor,-0.020596778,-12.3955965
1727,voor,-0.026356962,-13.151357
1728,voor,-0.023292763,-14.273293
1729,voor,-0.02981645,-14.904817
1730,voor,-0.01044022,-7.3854403
1731,voor,-0.106850125,-2.3568501
1732,voor,-0.0046580876,-11.629658
1733,tegen,-10.501802,-0.0018028653
1734,tegen,-1.8076874,-0.18268736
1735,tegen,-9.37587,-0.00086930214
1736,voor,-0.0073009906,-6.632301
1737,voor,-0.026365561,-13.401365
1738,voor,-0.048650615,-14.298651
1739,voor,-0.014203116,-14.264203
1740,voor,-0.0059676613,-11.880968
1741,voor,-0.02981101,-12.154811
1742,voor,-0.0057004155,-6.8807006
1743,voor,-0.12701683,-14.127017
1744,voor,-0.043050118,-14.16805
1745,voor,-0.20149705,-13.201497
1746,voor,-0.07927321,-8.079273
1747,voor,-0.016075896,-15.391076
1748,voor,-0.57610404,-10.451104
1749,voor,-0.2520563,-12.627056
1750,voor,-0.04865924,-12.423659
1751,voor,-0.005307285,-10.255307
1752,voor,-0.078966126,-14.078966
1753,voor,-0.023450796,-8.898451
1754,voor,-0.048686154,-10.298686
1755,voor,-0.014233677,-10.514234
1756,voor,-0.048662763,-10.798663
1757,voor,-0.026345007,-14.026345
1758,voor,-0.07895137,-12.828952
1759,voor,-0.06201967,-12.062019
1760,voor,-0.079047754,-9.329048
1761,voor,-0.018195365,-14.018195
1762,voor,-0.07895809,-11.5789585
1763,voor,-0.3133438,-13.438344
1764,voor,-0.25203794,-13.627038
1765,voor,-0.014228852,-11.014229
1766,voor,-0.12701914,-15.752019
1767,voor,-0.029801289,-13.279801
1768,voor,-0.20439875,-1.7043988
1769,tegen,-4.7607126,-0.010712572
1770,voor,-0.0066077295,-7.3816075
1771,voor,-0.22808622,-1.6030862
1772,voor,-0.038137425,-10.288137
1773,voor,-0.05541736,-5.0554175
1774,voor,-0.018194895,-13.768195
1775,voor,-0.048643917,-12.298644
1776,voor,-0.0142126335,-14.389213
1777,voor,-0.016088098,-12.2660885
1778,voor,-0.02980511,-15.029805
1779,voor,-0.062032104,-13.937032
1780,voor,-0.020589184,-13.895589
1781,voor,-0.016150966,-9.516151
1782,voor,-0.07895566,-15.453956
1783,voor,-0.0789539,-12.828954
1784,voor,-0.038108625,-11.413109
1785,voor,-0.062031657,-13.187032
1786,voor,-0.038109884,-13.28811
1787,voor,-0.014337788,-9.139338
1788,voor,-0.043076836,-11.1680765
1789,voor,-0.4395184,-1.0645185
1790,voor,-0.062594265,-7.5625944
1791,voor,-0.008098546,-5.8830986
1792,voor,-0.048654705,-11.923655
1793,voor,-0.16030902,-11.785309
1794,voor,-0.0032216834,-11.7532215
1795,voor,-0.055000424,-9.68
1796,voor,-0.038092785,-13.038093
1797,voor,-0.03738863,-3.5373886
1798,voor,-0.12720275,-8.627203
1799,voor,-0.016143695,-9.641144
1800,voor,-0.02636033,-12.1513605
1801,voor,-0.0098227905,-10.884823
1802,voor,-0.03373041,-10.4087305
1803,voor,-0.048661742,-11.298662
1804,voor,-0.16029805,-13.660298
1805,voor,-0.0097871395,-14.634788
1806,voor,-0.014268583,-9.889269
1807,voor,-0.20154352,-10.076544
1808,voor,-0.009806263,-11.634807
1809,voor,-0.04865845,-13.673658
1810,voor,-0.011107489,-11.636107
1811,voor,-0.014207935,-13.514208
1812,voor,-0.014220271,-11.13922
1813,voor,-0.026349533,-14.651349
1814,voor,-0.062030092,-12.81203
1815,voor,-0.014226736,-10.764227
1816,voor,-0.25210708,-13.377107
1817,voor,-0.062027287,-15.687027
1818,voor,-0.029811246,-12.654811
1819,voor,-0.12700549,-11.127006
1820,voor,-0.07895687,-11.453957
1821,voor,-0.0789626,-15.703962
1822,voor,-0.062059443,-11.937059
1823,voor,-0.20149149,-16.201492
1824,voor,-0.04864845,-13.923649
1825,voor,-0.0028644388,-10.627865
1826,voor,-0.04863778,-15.798637
1827,voor,-0.12699498,-14.501995
1828,voor,-0.03810128,-13.413101
1829,voor,-0.100341894,-9.725342
1830,tegen,-3.6537027,-0.028702734
1831,voor,-0.020597478,-11.770597
1832,voor,-0.0052792956,-11.88028
1833,voor,-0.033708867,-14.033709
1834,voor,-0.0067487666,-13.506749
1835,voor,-0.011086731,-12.886086
1836,voor,-0.020714024,-9.020714
1837,voor,-0.69554013,-0.69554013
1838,voor,-0.028550047,-4.15355
1839,voor,-0.020601682,-11.270601
1840,voor,-0.11139803,-2.361398
1841,voor,-0.029865146,-9.904865
1842,voor,-0.06207804,-9.812078
1843,voor,-0.055055033,-9.180055
1844,voor,-0.023331545,-10.148332
1845,voor,-0.0023016743,-7.5023017
1846,voor,-0.004665561,-13.004665
1847,voor,-0.020578792,-15.770578
1848,voor,-0.048644595,-15.673645
1849,tegen,-4.6374016,-0.012401576
1850,voor,-0.12701283,-13.877013
1851,voor,-0.026355455,-15.401356
1852,voor,-0.048719425,-9.548719
1853,voor,-0.005973,-13.505973
1854,voor,-0.012549328,-14.137549
1855,voor,-0.013030221,-4.51303
1856,voor,-0.018220881,-11.018221
1857,voor,-0.005269334,-12.505269
1858,voor,-0.0097966995,-11.759797
1859,voor,-0.047051042,-5.547051
1860,voor,-0.0093638385,-7.2593637
1861,voor,-0.062056754,-10.437057
1862,voor,-0.018210463,-11.39321
1863,voor,-0.0620525,-10.562053
1864,tegen,-1.6033938,-0.22839385
1865,voor,-0.012423588,-6.6374235
1866,voor,-0.04953624,-3.4245362
1867,voor,-0.012549798,-12.887549
1868,voor,-0.033695035,-12.658695
1869,voor,-0.010044694,-8.385045
1870,tegen,-2.5805986,-0.080598675
1871,voor,-0.07896844,-13.578968
1872,voor,-0.014283031,-9.514283
1873,voor,-0.009790798,-13.13479
1874,voor,-0.01819583,-13.768196
1875,voor,-0.16032568,-11.785326
1876,voor,-0.07896756,-13.828967
1877,voor,-0.020590823,-13.770591
1878,voor,-0.048651975,-11.423652
1879,voor,-0.2520574,-13.002057
1880,voor,-0.048634373,-15.298635
1881,voor,-0.023286706,-12.148287
1882,tegen,-1.4223886,-0.2973885
1883,voor,-0.062024932,-13.062025
1884,tegen,-7.6289268,-0.0039266567
1885,voor,-0.03616166,-3.4111617
1886,voor,-0.01539187,-5.015392
1887,voor,-0.018194895,-15.518195
1888,voor,-0.004669357,-11.254669
1889,voor,-0.18044585,-7.5554457
1890,voor,-0.0032132457,-13.378213
1891,voor,-0.012555443,-14.262555
1892,voor,-0.07895291,-12.328953
1893,voor,-0.0076703946,-10.75767
1894,voor,-0.038317807,-3.413318
1895,tegen,-1.5042646,-0.2542646
1896,voor,-0.0098088635,-11.384809
1897,voor,-0.011097577,-12.761098
1898,voor,-0.078965575,-14.328965
1899,voor,-0.010046933,-8.385047
1900,voor,-0.12700434,-12.502005
1901,voor,-0.054955743,-11.5549555
1902,voor,-0.02328182,-12.398282
1903,voor,-0.07897164,-12.828972
1904,voor,-0.0077155856,-7.0077157
1905,voor,-0.020589067,-12.270589
1906,voor,-0.062019106,-14.187019
1907,voor,-0.048648566,-11.173649
1908,voor,-0.026359288,-11.27636
1909,voor,-0.04453135,-3.4195313
1910,voor,-0.020599118,-12.645599
1911,voor,-0.0063860104,-6.381386
1912,voor,-0.03371993,-10.65872
1913,voor,-0.0620376,-11.312037
1914,voor,-0.008650026,-12.00865
1915,voor,-0.06204633,-12.062046
1916,voor,-0.029299226,-3.7792993
1917,voor,-0.1603015,-12.410301
1918,voor,-0.16033797,-10.410338
1919,voor,-0.16032313,-13.785323
1920,voor,-0.014308293,-9.264308
1921,voor,-0.029831823,-10.779832
1922,voor,-0.016081179,-12.891081
1923,voor,-0.026351273,-13.401351
1924,voor,-0.16033755,-12.285337
1925,voor,-0.20154901,-13.326549
1926,voor,-0.01819583,-12.893196
1927,voor,-0.01819267,-13.643192
1928,voor,-0.0076860087,-10.257686
1929,tegen,-3.6527927,-0.027792672
1930,voor,-0.054979205,-10.179979
1931,voor,-0.007644371,-12.257645
1932,voor,-0.012560156,-12.26256
1933,voor,-0.12209159,-2.2470915
1934,voor,-0.026368693,-10.901369
1935,voor,-0.06204331,-13.937043
1936,voor,-0.0059828316,-10.880982
1937,voor,-0.0052669575,-14.505267
1938,voor,-0.2015026,-12.076503
1939,tegen,-1.4280825,-0.3030824
1940,voor,-0.04319684,-9.043197
1941,voor,-0.06202516,-17.062025
1942,voor,-0.062048916,-10.437049
1943,voor,-0.0383459,-8.288346
1944,voor,-0.0063110315,-6.881311
1945,voor,-0.029811703,-11.779812
1946,voor,-0.007667556,-10.882668
1947,voor,-0.0620488,-11.187049
1948,voor,-0.0036791712,-10.128679
1949,voor,-0.006772211,-10.881772
1950,voor,-0.011104768,-11.511105
1951,voor,-0.12966637,-2.1296663
1952,voor,-0.0052707535,-12.380271
1953,tegen,-6.88048,-0.005479914
1954,voor,-0.43396422,-1.0589643
1955,voor,-0.00768944,-10.132689
1956,voor,-0.023557343,-4.523557
1957,voor,-0.008652157,-14.258652
1958,voor,-0.009800242,-11.3848
1959,tegen,-9.756984,-0.0069832993
1960,voor,-0.057672605,-2.9326725
1961,voor,-0.008662198,-13.883662
1962,tegen,-3.5311856,-0.03118573
1963,tegen,-1.1239972,-0.4989972
1964,tegen,-9.752096,-0.0020958956
1965,tegen,-7.7512913,-0.0012914281
1966,voor,-0.27118817,-1.6461881
1967,voor,-0.008085652,-7.7580857
1968,voor,-0.005958545,-15.130959
1969,voor,-0.1270119,-12.252012
1970,voor,-0.06203995,-13.93704
1971,voor,-0.020588836,-13.895589
1972,voor,-0.022183273,-4.5221834
1973,voor,-0.16030444,-11.785304
1974,tegen,-9.125663,-0.0006628762
1975,voor,-0.034253545,-7.5342536
1976,voor,-0.00675871,-11.506759
1977,voor,-0.009825391,-10.759826
1978,voor,-0.026362192,-11.526362
1979,voor,-0.20150454,-12.076505
1980,voor,-0.008654639,-11.758655
1981,voor,-0.25203675,-14.877037
1982,voor,-0.0076732337,-10.382673
1983,voor,-0.1002952,-11.475295
1984,voor,-0.00866409,-11.133664
1985,voor,-0.00686089,-9.131861
1986,voor,-0.004661165,-11.254662
1987,voor,-0.008653573,-13.258654
1988,voor,-0.026345007,-12.901345
1989,voor,-0.002266709,-8.127267
1990,voor,-0.018201452,-13.143202
1991,voor,-0.078978136,-10.203979
1992,tegen,-2.7019267,-0.0769267
1993,voor,-0.038098067,-12.663098
1994,voor,-0.100277185,-13.600277
1995,voor,-0.018214209,-10.768214
1996,voor,-0.07897252,-15.203973
1997,voor,-0.07895742,-15.328958
1998,voor,-0.00866409,-11.758664
1999,voor,-0.016119767,-10.26612
2000,voor,-0.0077338037,-9.257733
2001,voor,-0.021227544,-7.3962274
2002,voor,-0.012579817,-12.13758
2003,voor,-0.0072463183,-7.6322465
2004,voor,-0.009807917,-11.634808
2005,voor,-0.025798433,-4.1507983
2006,voor,-0.31736234,-1.4423623
2007,tegen,-5.132995,-0.007995068
2008,voor,-0.011089914,-13.63609
2009,tegen,-4.760496,-0.010496017
2010,voor,-0.038102653,-12.788103
2011,tegen,-3.4106302,-0.035630327
2012,voor,-0.0205983,-15.395598
2013,voor,-0.010367422,-5.6353674
2014,tegen,-1.8071303,-0.1821303
2015,voor,-0.012574638,-10.887574
2016,voor,-0.06204745,-11.062047
2017,voor,-0.011116203,-10.636116
2018,voor,-0.062040173,-14.81204
2019,voor,-0.008658065,-13.383658
2020,tegen,-3.0529084,-0.05290838
2021,voor,-0.0076454408,-12.007646
2022,voor,-0.007732027,-9.382732
2023,voor,-0.048636533,-13.048636
2024,voor,-0.005270396,-12.63027
2025,voor,-0.1603071,-12.785307
2026,voor,-0.020589419,-15.14559
2027,voor,-0.029832406,-11.779833
2028,voor,-0.029867236,-9.529867
2029,voor,-0.008655584,-12.383656
2030,voor,-0.04864766,-13.798648
2031,voor,-0.0028461257,-11.377846
2032,voor,-0.078961715,-15.203961
2033,voor,-0.018214913,-10.768215
2034,voor,-0.062035132,-12.437036
2035,voor,-0.10028991,-14.72529
2036,voor,-0.010104171,-8.135104
2037,voor,-0.008657239,-12.258657
2038,voor,-0.100297995,-15.350298
2039,voor,-0.014072414,-6.5140724
2040,voor,-0.02635801,-12.276358
2041,voor,-0.014217808,-13.139217
2042,voor,-0.029812513,-13.404813
2043,tegen,-3.7769258,-0.026925737
2044,voor,-0.10026609,-13.600266
2045,voor,-0.0028496871,-12.00285
2046,voor,-0.04864914,-14.923649
2047,voor,-0.055703897,-3.1807039
2048,voor,-0.008564341,-7.0085645
2049,voor,-0.03492156,-4.7849216
2050,voor,-0.4813515,-0.9813515
2051,voor,-0.020596778,-11.3955965
2052,tegen,-4.02531,-0.02531027
2053,voor,-0.038099438,-12.163099
2054,voor,-0.006755752,-12.381756
2055,voor,-0.020854946,-4.520855
2056,voor,-0.16034101,-10.910341
2057,voor,-0.009804728,-12.009805
2058,voor,-0.04305891,-12.293059
2059,voor,-0.06940029,-2.8194003
2060,tegen,-13.253883,-0.0038832151
2061,tegen,-11.75209,-0.0020907808
2062,voor,-0.0041271998,-11.7541275
2063,voor,-0.6959729,-0.6959729
2064,voor,-0.005166397,-6.8801665
2065,voor,-0.0114957495,-4.7614956
2066,voor,-0.0126180705,-9.637618
2067,voor,-0.009801777,-12.384802
2068,voor,-0.011096985,-12.261097
2069,voor,-0.029809851,-11.52981
2070,tegen,-13.750395,-0.00039444966
2071,voor,-0.0041531916,-7.0041533
2072,voor,-0.048645616,-13.298646
2073,voor,-0.012559686,-12.38756
2074,voor,-0.03370426,-14.533704
2075,tegen,-7.1275315,-0.0025313103
2076,voor,-0.38700438,-10.887005
2077,voor,-0.0046984265,-10.004699
2078,voor,-0.014252943,-10.014253
2079,voor,-0.008959622,-6.13396
2080,tegen,-1.6075864,-0.23258641
2081,tegen,-13.750906,-0.0009063415
2082,voor,-0.004843054,-8.629843
2083,voor,-0.005986743,-10.755987
2084,voor,-0.014211571,-11.514212
2085,voor,-0.048643917,-12.423644
2086,voor,-0.10028959,-13.475289
2087,voor,-0.0067509008,-13.381751
2088,tegen,-1.3249257,-0.32492572
2089,voor,-0.016078714,-14.141079
2090,voor,-0.04662277,-5.6716228
2091,voor,-0.009607218,-5.1346073
2092,voor,-0.009818777,-10.884819
2093,tegen,-4.513019,-0.013019161
2094,voor,-0.055023216,-9.430023
2095,voor,-0.012549798,-12.762549
2096,voor,-0.010451655,-7.385452
2097,voor,-0.0051688855,-6.505169
2098,tegen,-1.2247705,-0.3497705
2099,voor,-0.07897065,-13.953971
2100,voor,-0.100274704,-11.975275
2101,voor,-0.038117573,-13.288117
2102,voor,-0.026371477,-10.526371
2103,voor,-0.014211806,-11.764212
2104,voor,-0.014211806,-11.764212
2105,voor,-0.10029088,-11.100291
2106,voor,-0.007836467,-8.632836
2107,voor,-0.03949857,-5.164499
2108,tegen,-1.9294397,-0.17943971
2109,voor,-0.0081592025,-5.133159
2110,voor,-0.06205664,-10.562057
2111,voor,-0.0077537876,-9.257753
2112,voor,-0.029791918,-14.529792
2113,voor,-0.06203054,-11.812031
2114,voor,-0.008450393,-7.1334505
2115,voor,-0.02331571,-12.773315
2116,voor,-0.08377762,-2.7087777
2117,voor,-0.012574988,-11.012575
2118,voor,-0.008692569,-10.758693
2119,voor,-0.12704538,-15.002046
2120,voor,-0.03810357,-15.538103
2121,voor,-0.018220881,-11.018221
2122,voor,-0.032643445,-5.9076433
2123,voor,-0.012555203,-15.887555
2124,voor,-0.02980511,-13.529805
2125,voor,-0.026480963,-9.026481
2126,voor,-0.048655722,-16.173656
2127,voor,-0.029812861,-11.654813
2128,voor,-0.020614995,-10.520615
2129,voor,-0.029795151,-13.779795
2130,voor,-0.023304526,-11.023305
2131,voor,-0.07897395,-10.953974
2132,voor,-0.0181826,-15.143183
2133,voor,-0.07895907,-14.703959
2134,voor,-0.009791976,-12.884792
2135,voor,-0.12701021,-11.25201
2136,voor,-0.014214396,-13.3892145
2137,voor,-0.07895929,-11.828959
2138,tegen,-1.2704265,-0.6454265
2139,voor,-0.008707226,-10.008707
2140,voor,-0.009159389,-6.5091596
2141,voor,-0.007648034,-13.132648
2142,voor,-0.011099939,-13.1361
2143,tegen,-9.754321,-0.004321049
2144,voor,-0.016082352,-15.266083
2145,tegen,-3.1700134,-0.045013502
2146,voor,-0.09308485,-2.4680848
2147,tegen,-6.5024447,-0.0024448582
2148,tegen,-9.125589,-0.00058937154
2149,tegen,-10.128039,-0.0030396245
2150,tegen,-10.000529,-0.0005288454
2151,voor,-0.008655346,-12.008656
2152,voor,-0.048643917,-12.173644
2153,voor,-0.009818893,-10.759819
2154,voor,-0.020596543,-14.8955965
2155,voor,-0.2322923,-1.6072923
2156,voor,-0.026355341,-13.401356
2157,voor,-0.004651319,-13.254651
2158,voor,-0.3133973,-15.188397
2159,voor,-0.023292648,-15.523293
2160,voor,-0.023290548,-16.02329
2161,voor,-0.2520235,-12.002024
2162,tegen,-6.879426,-0.004425963
2163,voor,-0.078969106,-13.453969
2164,voor,-0.0789615,-13.453961
2165,voor,-0.023294741,-13.398294
2166,voor,-0.3135402,-8.93854
2167,voor,-0.0836182,-2.7086182
2168,voor,-0.012553449,-13.387553
2169,voor,-0.022768294,-6.1477685
2170,tegen,-2.46475,-0.089750096
2171,voor,-0.029984662,-5.6549845
2172,voor,-0.020601917,-11.895602
2173,voor,-0.01830305,-9.393303
2174,tegen,-11.75145,-0.0014499947
2175,voor,-0.07350737,-2.6985073
2176,tegen,-6.8849087,-0.009908604
2177,tegen,-3.653397,-0.028397007
2178,voor,-0.07895534,-11.828956
2179,voor,-0.5322508,-0.9072508
2180,voor,-0.02329684,-15.523297
2181,voor,-0.029798856,-16.279799
2182,voor,-0.05276772,-3.1777678
2183,voor,-0.012559213,-11.637559
2184,voor,-0.018215735,-12.143216
2185,voor,-0.018193604,-12.893193
2186,voor,-0.062050708,-13.187051
2187,voor,-0.12704958,-10.127049
2188,voor,-0.10028237,-13.100283
2189,voor,-0.20151508,-12.076515
2190,voor,-0.12703887,-14.627039
2191,voor,-0.0046622343,-12.5046625
2192,voor,-0.029800361,-14.6548
2193,voor,-0.008886012,-8.383886
2194,voor,-0.10028711,-13.725287
2195,voor,-0.026501851,-8.901502
2196,voor,-0.007649926,-11.25765
2197,voor,-0.004648592,-13.004648
2198,voor,-0.10029951,-14.6003
2199,voor,-0.016080005,-13.26608
2200,voor,-0.062044546,-14.437044
2201,voor,-0.012683168,-5.0126834
2202,voor,-0.19918834,-1.8241884
2203,voor,-0.03371094,-11.4087105
2204,voor,-0.011081892,-13.136082
2205,voor,-0.0067090937,-7.256709
2206,tegen,-6.752041,-0.002040699
2207,tegen,-2.129982,-0.12998202
2208,tegen,-7.3778553,-0.0028551593
2209,voor,-0.03810242,-11.913102
2210,voor,-0.10046125,-8.725461
2211,voor,-0.062049806,-11.06205
2212,voor,-0.01608622,-12.016087
2213,voor,-0.05268742,-3.0526874
2214,voor,-0.009223652,-7.5092235
2215,tegen,-6.003945,-0.003944706
2216,voor,-0.07896712,-12.953967
2217,tegen,-1.6026855,-0.22768548
2218,voor,-0.020618381,-11.270618
2219,tegen,-1.9131378,-0.1631378
2220,tegen,-13.378003,-0.003003139
2221,voor,-0.006036039,-5.756036
2222,tegen,-13.876003,-0.001003155
2223,tegen,-9.750921,-0.00092086964
2224,tegen,-3.5310867,-0.031086698
2225,voor,-0.006771857,-10.756772
2226,tegen,-3.6527247,-0.027724832
2227,tegen,-3.2895856,-0.03958555
2228,voor,-0.10028355,-13.725284
2229,tegen,-12.251511,-0.0015103356
2230,tegen,-3.8992107,-0.024210684
2231,tegen,-8.376353,-0.0013529757
2232,voor,-0.014202766,-13.139203
2233,voor,-0.07895776,-12.828958
2234,voor,-0.029797122,-15.029798
2235,voor,-0.05496522,-10.679965
2236,voor,-0.011097457,-11.511098
2237,tegen,-1.4229435,-0.29794344
2238,voor,-0.006766887,-12.631767
2239,voor,-0.016089624,-14.266089
2240,voor,-0.048670143,-10.29867
2241,voor,-0.0380898,-12.41309
2242,voor,-0.020595841,-11.270596
2243,voor,-0.009795049,-15.009795
2244,voor,-0.018190678,-14.76819
2245,voor,-0.033695377,-13.658695
2246,voor,-0.029810317,-12.40481
2247,voor,-0.048647434,-13.673648
2248,voor,-0.100297675,-12.850298
2249,voor,-0.005966715,-13.005967
2250,voor,-0.0048918044,-8.379891
2251,tegen,-1.8063366,-0.18133661
2252,voor,-0.020590937,-15.145591
2253,voor,-0.0051711393,-7.6301713
2254,voor,-0.025837237,-6.0258374
2255,voor,-0.3518083,-1.2268083
2256,voor,-0.1603142,-12.035315
2257,voor,-0.09264899,-2.467649
2258,voor,-0.043233376,-8.668233
2259,voor,-0.018210815,-11.01821
2260,voor,-0.20160055,-9.451601
2261,voor,-0.04943697,-7.174437
2262,voor,-0.12703152,-12.502031
2263,voor,-0.018300358,-9.1433
2264,voor,-0.016176539,-9.266176
2265,tegen,-11.2508,-0.000800219
2266,voor,-0.10027643,-11.850276
2267,voor,-0.018195365,-13.768195
2268,voor,-0.0380983,-14.663098
2269,voor,-0.062044203,-15.312044
2270,voor,-0.03810369,-11.788104
2271,voor,-0.10049974,-8.6005
2272,voor,-0.030983038,-6.780983
2273,voor,-0.033969544,-8.28397
2274,voor,-0.018195948,-14.893196
2275,voor,-0.0023339014,-9.127334
2276,voor,-0.018190911,-13.268191
2277,voor,-0.0028589629,-11.127859
2278,tegen,-8.625853,-0.0008527512
2279,voor,-0.20152211,-14.076522
2280,voor,-0.31489372,-6.8148937
2281,voor,-0.012550152,-14.63755
2282,voor,-0.06203244,-12.437033
2283,voor,-0.4742636,-9.724263
2284,voor,-0.0127430735,-8.637743
2285,voor,-0.02059596,-14.395596
2286,voor,-0.018226504,-10.393227
2287,voor,-0.029816687,-10.904817
2288,tegen,-1.6105132,-0.2355132
2289,voor,-0.020585097,-14.145585
2290,voor,-0.07895401,-13.328954
2291,voor,-0.021772064,-6.771772
2292,voor,-0.0046839495,-10.1296835
2293,voor,-0.011087202,-13.761087
2294,voor,-0.022857562,-4.1478577
2295,voor,-0.0056933034,-7.7556934
2296,voor,-0.003212415,-12.003212
2297,tegen,-1.0754429,-0.4504429
2298,voor,-0.0046750493,-10.504675
2299,voor,-0.016082117,-14.266082
2300,tegen,-8.502896,-0.002896644
2301,voor,-0.028469881,-3.7784698
2302,voor,-0.011099228,-11.511099
2303,voor,-0.016072143,-12.516072
2304,voor,-0.04865595,-11.2986555
2305,voor,-0.06202583,-14.437026
2306,voor,-0.011085427,-13.8860855
2307,voor,-0.0061430344,-5.631143
2308,voor,-0.029807195,-15.154807
2309,voor,-0.005964108,-12.630964
2310,voor,-0.044070397,-6.9190702
2311,voor,-0.07289569,-2.8228958
2312,voor,-0.026341751,-13.901341
2313,tegen,-2.9325106,-0.05751066
2314,voor,-0.022265581,-4.6472654
2315,tegen,-11.3760805,-0.0010802065
2316,tegen,-6.0035405,-0.0035406782
2317,voor,-0.078956984,-13.328957
2318,voor,-0.0059773815,-11.380978
2319,voor,-0.10065379,-7.9756536
2320,voor,-0.048660945,-13.298661
2321,voor,-0.009801659,-12.384802
2322,voor,-0.029801289,-12.279801
2323,voor,-0.007643425,-13.132644
2324,voor,-0.011088028,-12.636088
2325,voor,-0.02058977,-14.14559
2326,tegen,-5.1338267,-0.008826577
2327,tegen,-1.8150692,-0.19006923
2328,tegen,-10.251993,-0.0019929935
2329,voor,-0.039537646,-3.5395377
2330,voor,-0.033702638,-11.658703
2331,tegen,-9.000967,-0.0009669648
2332,voor,-0.062048916,-12.062049
2333,voor,-0.04867957,-13.298679
2334,voor,-0.47807398,-0.97807395
2335,voor,-0.007649103,-11.757649
2336,voor,-0.038109764,-11.03811
2337,voor,-0.12973486,-2.1297348
2338,voor,-0.01537086,-4.765371
2339,voor,-0.029852424,-10.029853
2340,voor,-0.03874621,-7.4137464
2341,voor,-0.0052731303,-12.755273
2342,voor,-0.0097906785,-14.75979
2343,voor,-0.009800835,-14.259801
2344,tegen,-5.6298933,-0.004893112
2345,tegen,-11.626303,-0.0013030954
2346,voor,-0.10027384,-13.100274
2347,voor,-0.02059853,-13.145598
2348,voor,-0.023346338,-9.898346
2349,voor,-0.01047525,-5.885475
2350,voor,-0.008667283,-11.133667
2351,voor,-0.009994054,-6.634994
2352,tegen,-1.7031795,-0.20317948
2353,tegen,-9.001196,-0.0011959441
2354,tegen,-9.501737,-0.0017367053
2355,voor,-0.0811781,-6.206178
2356,voor,-0.39238623,-1.1423862
2357,voor,-0.16029643,-14.035296
2358,tegen,-10.625877,-0.0008777546
2359,tegen,-10.625877,-0.0008777546
2360,voor,-0.012558975,-12.262559
2361,voor,-0.043069076,-11.543069
2362,voor,-0.16033451,-10.660335
2363,voor,-0.16032963,-12.28533
2364,voor,-0.01256039,-12.137561
2365,voor,-0.017012613,-7.0170126
2366,voor,-0.014305823,-9.264306
2367,voor,-0.011091449,-14.386091
2368,voor,-0.003739268,-9.253739
2369,voor,-0.0067487666,-13.381749
2370,voor,-0.0037011395,-9.628701
2371,voor,-0.012557209,-13.262557
2372,voor,-0.007738416,-9.257738
2373,voor,-0.1270309,-12.127031
2374,voor,-0.06203143,-12.812032
2375,voor,-0.05505132,-9.180051
2376,voor,-0.002849806,-8.00285
2377,tegen,-4.1579714,-0.03297141
2378,voor,-0.038092438,-12.788093
2379,voor,-0.043114174,-9.793114
2380,voor,-0.005389688,-9.005389
2381,tegen,-7.504436,-0.0044358163
2382,voor,-0.016088333,-11.8910885
2383,voor,-0.00868501,-10.508685
2384,tegen,-2.35308,-0.103080034
2385,voor,-0.016089743,-12.516089
2386,voor,-0.026398996,-10.276399
2387,voor,-0.02980199,-13.154802
2388,voor,-0.02058335,-14.895583
2389,voor,-0.016389642,-8.14139
2390,voor,-0.023298353,-12.273298
2391,voor,-0.034620825,-7.034621
2392,voor,-0.011087436,-13.636087
2393,voor,-0.10030091,-11.975301
2394,voor,-0.43297568,-1.0579756
2395,voor,-0.050537493,-4.4255376
2396,voor,-0.011387082,-5.011387
2397,voor,-0.011090856,-14.636091
2398,voor,-0.07898893,-11.203989
2399,voor,-0.016639858,-7.5166397
2400,voor,-0.012292066,-6.012292
2401,voor,-0.12009867,-2.2450986
2402,voor,-0.0052903234,-7.3802905
2403,voor,-0.014203814,-14.139204
2404,voor,-0.029820729,-10.65482
2405,voor,-0.00983377,-10.134833
2406,voor,-0.020596195,-13.7705965
2407,voor,-0.078963704,-13.078963
2408,voor,-0.026348142,-12.651348
2409,voor,-0.005347721,-9.505347
2410,voor,-0.018342733,-8.893343
2411,voor,-0.062026843,-15.312027
2412,voor,-0.35475856,-1.2297585
2413,tegen,-1.9116161,-0.16161604
2414,voor,-0.014199707,-14.764199
2415,voor,-0.012632546,-5.8876324
2416,tegen,-0.83114296,-0.58114296
2417,voor,-0.016155075,-6.2661552
2418,voor,-0.16523212,-1.9152322
2419,voor,-0.2015228,-13.701523
2420,voor,-0.038105413,-15.163105
2421,voor,-0.10029574,-12.350296
2422,tegen,-13.000679,-0.0006794308
2423,voor,-0.016352814,-8.266353
2424,voor,-0.051475357,-4.0514755
2425,voor,-0.012555561,-11.262555
2426,tegen,-5.1340675,-0.009067488
2427,tegen,-8.00139,-0.0013908312
2428,tegen,-1.2265675,-0.35156745
2429,voor,-0.029794803,-14.029795
2430,voor,-0.10026545,-12.8502655
2431,voor,-0.016334055,-5.266334
2432,voor,-0.03370426,-13.908704
2433,voor,-0.20150232,-13.576502
2434,voor,-0.11574344,-5.9907436
2435,voor,-0.03810128,-15.288101
2436,voor,-0.013200003,-7.3882
2437,voor,-0.06205205,-12.812052
2438,tegen,-7.25147,-0.0014699879
2439,tegen,-11.252263,-0.0022632594
2440,voor,-0.012262389,-6.7622623
2441,tegen,-4.1446295,-0.019629484
2442,tegen,-6.627401,-0.0024008628
2443,tegen,-4.513496,-0.013495832
2444,voor,-0.011213214,-5.2612133
2445,voor,-0.0486421,-12.798642
2446,voor,-0.03810288,-15.288103
2447,voor,-0.018198172,-15.018198
2448,voor,-0.007715467,-9.507715
2449,voor,-0.023299286,-17.0233
2450,voor,-0.023296492,-12.398296
2451,voor,-0.09483787,-2.844838
2452,voor,-0.010613974,-7.135614
2453,voor,-0.029810892,-11.404811
2454,voor,-0.016082935,-12.266083
2455,voor,-0.012566985,-11.262567
2456,voor,-0.03439165,-3.5343916
2457,voor,-0.07895731,-12.703958
2458,voor,-0.16031796,-12.535318
2459,voor,-0.014216277,-12.514216
2460,voor,-0.078977585,-11.453978
2461,voor,-0.12703016,-15.25203
2462,voor,-0.005718078,-6.005718
2463,voor,-0.078978136,-13.578979
2464,voor,-0.12703614,-15.127036
2465,voor,-0.016086575,-12.391087
2466,voor,-0.062069975,-13.68707
2467,voor,-0.009795284,-13.884795
2468,voor,-0.014330034,-9.01433
2469,voor,-0.07898177,-10.453981
2470,voor,-0.1602949,-13.410295
2471,voor,-0.01109121,-14.886091
2472,voor,-0.07898221,-13.578982
2473,voor,-0.048653793,-14.173654
2474,voor,-0.25204545,-14.377046
2475,voor,-0.04864811,-15.048648
2476,voor,-0.033703797,-14.408704
2477,voor,-0.016075075,-13.016075
2478,voor,-0.008780375,-9.1337805
2479,voor,-0.05611366,-4.9311137
2480,voor,-0.048649702,-11.54865
2481,tegen,-7.8765974,-0.0015974608
2482,voor,-0.0232994,-13.023299
2483,voor,-0.01420347,-12.764203
2484,voor,-0.033702757,-11.783703
2485,voor,-0.026350582,-13.776351
2486,voor,-0.024632284,-4.7746325
2487,voor,-0.0025674566,-9.752567
2488,tegen,-7.501291,-0.0012907129
2489,voor,-0.062039606,-13.687039
2490,tegen,-1.0615718,-0.43657184
2491,voor,-0.012812278,-6.387812
2492,voor,-0.16033614,-13.9103365
2493,voor,-0.062031206,-13.187031
2494,voor,-0.038592298,-3.9135923
2495,voor,-0.0059823627,-11.130982
2496,voor,-0.012551564,-12.012551
2497,voor,-0.029813787,-11.279814
2498,voor,-0.04864732,-12.923647
2499,voor,-0.023516709,-8.523517
2500,voor,-0.04864289,-12.923643
2501,voor,-0.012564985,-11.137565
2502,voor,-0.100291535,-13.100291
2503,voor,-0.01446411,-8.264464
2504,voor,-0.011299745,-8.5113
2505,voor,-0.04338953,-8.043389
2506,voor,-0.100283444,-16.725283
2507,tegen,-7.752668,-0.002667927
2508,tegen,-8.750818,-0.00081784645
2509,voor,-0.012645381,-9.512646
2510,tegen,-7.625988,-0.0009881501
2511,voor,-0.03839213,-4.788392
2512,voor,-0.0038536324,-7.378854
2513,voor,-0.0051510967,-5.6301513
2514,voor,-0.033969775,-8.28397
2515,tegen,-4.2682962,-0.01829626
2516,voor,-0.048647884,-13.173648
2517,tegen,-13.627097,-0.002097326
2518,voor,-0.029798742,-14.5297985
2519,tegen,-11.253412,-0.0034120353
2520,tegen,-7.504006,-0.0040057423
2521,voor,-0.004713734,-9.754714
2522,voor,-0.038104605,-11.163105
2523,voor,-0.011084846,-13.136085
2524,voor,-0.011089559,-12.511089
2525,voor,-0.026347676,-14.276348
2526,voor,-0.02635406,-13.151354
2527,voor,-0.06390889,-2.8139088
2528,voor,-0.01892812,-7.268928
2529,voor,-0.055004712,-10.055005
2530,voor,-0.018201452,-13.893202
2531,voor,-0.10028603,-12.3502865
2532,voor,-0.026469592,-9.151469
2533,voor,-0.048647434,-13.923648
2534,voor,-0.07902407,-9.579024
2535,voor,-0.014400776,-5.389401
2536,voor,-0.06203143,-13.937032
2537,voor,-0.10031245,-10.100312
2538,voor,-0.0052666,-12.255266
2539,voor,-0.0068655093,-6.1318655
2540,voor,-0.0059593758,-15.2559595
2541,voor,-0.079718895,-7.204719
2542,tegen,-10.75101,-0.0010094692
2543,voor,-0.063325204,-6.6883254
2544,tegen,-7.0018444,-0.0018442784
2545,voor,-0.062019445,-13.187019
2546,voor,-0.25201842,-12.877018
2547,voor,-0.10030868,-10.100308
2548,voor,-0.01420935,-13.01421
2549,voor,-0.16031754,-12.535317
2550,voor,-0.014206168,-15.014206
2551,voor,-0.055024005,-9.430024
2552,voor,-0.062038373,-11.812038
2553,voor,-0.12700266,-13.252003
2554,voor,-0.023290083,-13.39829
2555,voor,-0.0046916613,-10.254692
2556,voor,-0.018187288,-15.8931875
2557,voor,-0.062025268,-12.312025
2558,voor,-0.029806035,-14.529806
2559,voor,-0.014195356,-15.264195
2560,voor,-0.012554042,-14.637554
2561,voor,-0.16030882,-12.160309
2562,tegen,-9.626109,-0.0011092591
2563,voor,-0.013311284,-6.1383114
2564,tegen,-8.253469,-0.0034697556
2565,tegen,-8.629135,-0.004135038
2566,voor,-0.115291975,-2.240292
2567,voor,-0.010069362,-8.260069
2568,tegen,-12.000747,-0.00074626005
2569,voor,-0.63602716,-0.76102716
2570,voor,-0.018195365,-13.768195
2571,voor,-0.038276717,-8.663277
2572,voor,-0.09250045,-2.4675004
2573,voor,-0.43297568,-1.0579756
2574,voor,-0.07910051,-8.954101
2575,voor,-0.08743307,-2.837433
2576,tegen,-13.258969,-0.008969075
2577,voor,-0.026355222,-13.026355
2578,voor,-0.014223561,-10.889223
2579,voor,-0.0052873613,-7.380287
2580,voor,-0.01111172,-10.761111
2581,voor,-0.026364047,-11.151364
2582,voor,-0.023296025,-13.773296
2583,voor,-0.03370714,-11.658707
2584,voor,-0.43297568,-1.0579756
2585,voor,-0.12702575,-16.252026
2586,voor,-0.038095996,-13.163096
2587,voor,-0.048652314,-13.423653
2588,tegen,-11.501106,-0.0011059215
2589,voor,-0.100294545,-14.100294
2590,tegen,-7.001462,-0.0014620234
2591,voor,-0.012552388,-13.012552
2592,voor,-0.030993443,-4.9059935
2593,tegen,-2.2391436,-0.114143625
2594,tegen,-2.1281178,-0.12811778
2595,voor,-0.026351627,-13.026352
2596,voor,-0.038098976,-13.288099
2597,voor,-0.020600278,-11.8956
2598,voor,-0.008838155,-8.633838
2599,voor,-0.10029445,-13.725294
2600,voor,-0.008655584,-11.883656
2601,voor,-0.048652884,-12.798653
2602,voor,-0.6242065,-0.8742065
2603,voor,-0.03811849,-10.413118
2604,voor,-0.20148379,-14.576484
2605,voor,-0.01819583,-12.268196
2606,voor,-0.062043082,-14.437043
2607,voor,-0.009811456,-10.759811
2608,voor,-0.0039836545,-8.0039835
2609,voor,-0.012546151,-14.012547
2610,voor,-0.048647206,-14.923647
2611,voor,-0.016140763,-9.766141
2612,voor,-0.008664679,-11.883665
2613,voor,-0.026387382,-10.276387
2614,voor,-0.038104035,-14.413104
2615,voor,-0.04027979,-4.29028
2616,voor,-0.1862276,-1.8112276
2617,tegen,-3.2908294,-0.04082949
2618,voor,-0.06207849,-9.812078
2619,voor,-0.054996252,-9.9299965
2620,tegen,-4.142148,-0.01714808
2621,voor,-0.0022176998,-13.377217
2622,voor,-0.12707299,-9.502073
2623,voor,-0.027183902,-4.152184
2624,voor,-0.20152025,-12.32652
2625,tegen,-11.256967,-0.00696649
2626,voor,-0.06935269,-4.9443526
2627,voor,-0.20153768,-15.076538
2628,tegen,-6.129642,-0.004642069
2629,voor,-0.060711555,-5.1857114
2630,voor,-0.04865243,-12.048653
2631,voor,-0.52798975,-0.90298975
2632,tegen,-12.000832,-0.0008315439
2633,voor,-0.018206248,-12.018207
2634,tegen,-5.508173,-0.0081728045
2635,voor,-0.033702295,-13.533702
2636,voor,-0.015737304,-6.5157375
2637,tegen,-9.004906,-0.004906039
2638,tegen,-6.7528744,-0.0028741767
2639,tegen,-4.0255966,-0.025596729
2640,voor,-0.029796196,-13.029797
2641,voor,-0.03734373,-3.6623437
2642,voor,-0.02059187,-14.270592
2643,voor,-0.0789756,-14.203976
2644,voor,-0.008673784,-10.883674
2645,voor,-0.008648134,-13.258648
2646,voor,-0.023280075,-13.77328
2647,voor,-0.011465223,-4.761465
2648,voor,-0.005990655,-11.005991
2649,tegen,-1.320736,-0.32073602
2650,voor,-0.026579177,-8.401579
2651,voor,-0.048657313,-14.298657
2652,voor,-0.008653219,-13.008654
2653,voor,-0.008782379,-9.008782
2654,voor,-0.0076785535,-10.382679
2655,voor,-0.011088847,-13.761088
2656,voor,-0.16029632,-12.785296
2657,voor,-0.1270057,-12.877006
2658,voor,-0.062021684,-12.812021
2659,voor,-0.06204633,-15.062046
2660,voor,-0.10026663,-12.600266
2661,voor,-0.03810759,-16.413107
2662,voor,-0.016088804,-12.5160885
2663,voor,-0.0029828101,-8.877983
2664,voor,-0.2366566,-1.6116567
2665,tegen,-6.252429,-0.0024291673
2666,tegen,-10.502022,-0.002021663
2667,tegen,-10.876262,-0.0012620179
2668,voor,-0.015167292,-4.515167
2669,tegen,-1.5039684,-0.25396836
2670,voor,-0.048645843,-14.048646
2671,voor,-0.078960285,-12.70396
2672,voor,-0.004645623,-15.379645
2673,voor,-0.12704413,-10.877044
2674,voor,-0.04385,-3.54385
2675,voor,-0.07895941,-12.328959
2676,voor,-0.008658304,-13.508658
2677,voor,-0.009830585,-10.13483
2678,voor,-0.04869433,-10.673695
2679,voor,-0.011088262,-14.136088
2680,voor,-0.062043983,-12.812044
2681,voor,-0.0068650325,-6.131865
2682,voor,-0.016089156,-12.891089
2683,voor,-0.0041206693,-11.754121
2684,tegen,-6.0056796,-0.0056796684
2685,voor,-0.006751851,-12.506752
2686,voor,-0.062051825,-13.937052
2687,voor,-0.10029552,-13.975295
2688,voor,-0.04867355,-13.048674
2689,voor,-0.011106184,-11.2611065
2690,tegen,-12.125928,-0.0009282566
2691,voor,-0.014219566,-11.389219
2692,voor,-0.062056527,-10.562057
2693,voor,-0.075197294,-5.325197
2694,voor,-0.009801419,-12.009802
2695,voor,-0.008085059,-7.7580853
2696,voor,-0.029824419,-10.779824
2697,voor,-0.014305241,-9.264305
2698,voor,-0.13445601,-2.134456
2699,voor,-0.02330674,-11.148307
2700,voor,-0.01110406,-11.386104
